date,txVolume(USD),txCount,marketcap(USD),price(USD),exchangeVolume(USD),fees,activeAddresses
2014-08-05,,,772597.0,0.002976,30316.0,,
2014-08-06,,,746554.0,0.002373,35820.0,,
2014-08-07,,,976942.0,0.002686,142864.0,,
2014-08-08,,,1075820.0,0.002493,93708.0,,
2014-08-09,,,1261300.0,0.002884,233579.0,,
2014-08-10,,,1652770.0,0.003497,352737.0,,
2014-08-11,,,2351620.0,0.004566,479942.0,,
2014-08-12,,,2274180.0,0.003592,345441.0,,
2014-08-13,,,2237580.0,0.002619,256302.0,,
2014-08-14,,,2580570.0,0.002763,169177.0,,
2014-08-15,,,2513090.0,0.002566,135243.0,,
2014-08-16,,,2429190.0,0.002401,116834.0,,
2014-08-17,,,2576620.0,0.002507,61889.0,,
2014-08-18,,,2421500.0,0.002336,104237.0,,
2014-08-19,,,2114990.0,0.002028,66941.0,,
2014-08-20,,,2318890.0,0.002223,96584.0,,
2014-08-21,,,2595540.0,0.002488,76029.0,,
2014-08-22,,,2495560.0,0.002392,50589.0,,
2014-08-23,,,2460170.0,0.002358,43776.0,,
2014-08-24,,,2333070.0,0.002237,37470.0,,
2014-08-25,,,2332310.0,0.002236,38512.0,,
2014-08-26,,,2316850.0,0.002221,99823.0,,
2014-08-27,,,2379110.0,0.002281,60132.0,,
2014-08-28,,,2368000.0,0.00227,90044.0,,
2014-08-29,,,2278590.0,0.002184,43049.0,,
2014-08-30,,,2314020.0,0.002218,39116.0,,
2014-08-31,,,2284040.0,0.00219,22844.0,,
2014-09-01,,,2149450.0,0.002061,27975.0,,
2014-09-02,,,2094120.0,0.002008,23793.0,,
2014-09-03,,,2084530.0,0.001998,36081.0,,
2014-09-04,,,2296730.0,0.002059,58031.0,,
2014-09-05,,,2386010.0,0.00213,26119.0,,
2014-09-06,,,2342120.0,0.002082,31676.0,,
2014-09-07,,,2328500.0,0.00206,34744.0,,
2014-09-08,,,2319720.0,0.002042,105569.0,,
2014-09-09,,,2586270.0,0.002265,51289.0,,
2014-09-10,,,2501190.0,0.002179,59878.0,,
2014-09-11,,,2590280.0,0.002244,113300.0,,
2014-09-12,,,2902440.0,0.0025,117052.0,,
2014-09-13,,,3539410.0,0.003032,111452.0,,
2014-09-14,,,3635190.0,0.003096,113315.0,,
2014-09-15,,,3394810.0,0.002874,72903.0,,
2014-09-16,,,3600720.0,0.003031,86555.0,,
2014-09-17,,,3568360.0,0.002988,118073.0,,
2014-09-18,,,3697400.0,0.003081,205474.0,,
2014-09-19,,,4160240.0,0.00346,204649.0,,
2014-09-20,,,4760040.0,0.003936,186971.0,,
2014-09-21,,,4374580.0,0.00361,145626.0,,
2014-09-22,,,4234030.0,0.003466,178810.0,,
2014-09-23,,,4903240.0,0.004007,120447.0,,
2014-09-24,,,4860820.0,0.003966,163121.0,,
2014-09-25,,,4800810.0,0.003878,81902.0,,
2014-09-26,,,4503470.0,0.0036,117908.0,,
2014-09-27,,,3829790.0,0.003044,44492.0,,
2014-09-28,,,4128940.0,0.003262,77804.0,,
2014-09-29,,,4038750.0,0.00317,32858.0,,
2014-09-30,,,4131310.0,0.003227,21131.0,,
2014-10-01,,,4147990.0,0.003221,70180.0,,
2014-10-02,,,3745360.0,0.002888,30542.0,,
2014-10-03,,,3582830.0,0.002743,34169.0,,
2014-10-04,,,3433990.0,0.002604,45969.0,,
2014-10-05,,,3231660.0,0.002441,29396.0,,
2014-10-06,,,3157090.0,0.002384,34446.0,,
2014-10-07,,,3412980.0,0.002578,35420.0,,
2014-10-08,,,3219510.0,0.00242,28232.0,,
2014-10-09,,,3316890.0,0.002475,11066.0,,
2014-10-10,,,3185650.0,0.002356,14307.0,,
2014-10-11,,,3147830.0,0.002308,34909.0,,
2014-10-12,,,3215900.0,0.002338,76978.0,,
2014-10-13,,,3096940.0,0.00224,44927.0,,
2014-10-14,,,3209080.0,0.002309,32533.0,,
2014-10-15,,,3288880.0,0.002352,46516.0,,
2014-10-16,,,3055120.0,0.002173,39044.0,,
2014-10-17,,,2943660.0,0.002081,22242.0,,
2014-10-18,,,2875970.0,0.002022,27435.0,,
2014-10-19,,,2941420.0,0.002058,18945.0,,
2014-10-20,,,2904680.0,0.002021,38282.0,,
2014-10-21,,,2919940.0,0.002022,26101.0,,
2014-10-22,,,2990180.0,0.002062,19376.0,,
2014-10-23,,,2952570.0,0.002021,15614.0,,
2014-10-24,,,2804450.0,0.001915,29512.0,,
2014-10-25,,,2875720.0,0.001959,13101.0,,
2014-10-26,,,2785750.0,0.001893,9559.0,,
2014-10-27,,,2859770.0,0.001941,14396.0,,
2014-10-28,,,2890500.0,0.001957,73811.0,,
2014-10-29,,,2480090.0,0.001675,24172.0,,
2014-10-30,,,2518280.0,0.001696,13179.0,,
2014-10-31,,,2599070.0,0.001748,10733.0,,
2014-11-01,,,2508800.0,0.001686,494272.0,,
2014-11-02,,,2306560.0,0.001549,9242.0,,
2014-11-03,,,2357680.0,0.001582,15149.0,,
2014-11-04,,,2521800.0,0.001691,9766.0,,
2014-11-05,,,2543690.0,0.001704,10617.0,,
2014-11-06,,,2623700.0,0.001755,13531.0,,
2014-11-07,,,2646700.0,0.001767,11531.0,,
2014-11-08,,,2531960.0,0.001687,4483.0,,
2014-11-09,,,6073100.0,0.001733,12705.0,,
2014-11-10,,,6145080.0,0.001752,16001.0,,
2014-11-11,,,6298920.0,0.001794,12534.0,,
2014-11-12,,,6166040.0,0.001755,15430.0,,
2014-11-13,,,6569220.0,0.001868,17376.0,,
2014-11-14,,,6286800.0,0.001787,10411.0,,
2014-11-15,,,6054010.0,0.00172,5382.0,,
2014-11-16,,,5700640.0,0.001618,5267.0,,
2014-11-17,,,5771490.0,0.001638,8443.0,,
2014-11-18,,,5678010.0,0.00161,16762.0,,
2014-11-19,,,4773240.0,0.001352,16849.0,,
2014-11-20,,,5475820.0,0.001549,14782.0,,
2014-11-21,,,5621460.0,0.001589,10260.0,,
2014-11-22,,,5540550.0,0.001565,35206.0,,
2014-11-23,,,6407620.0,0.00181,42071.0,,
2014-11-24,,,7660570.0,0.002164,13496.0,,
2014-11-25,,,6929320.0,0.001957,14659.0,,
2014-11-26,,,6729120.0,0.0019,32114.0,,
2014-11-27,,,7574340.0,0.002139,544484.0,,
2014-11-28,,,12144700.0,0.003429,209843.0,,
2014-11-29,,,9956170.0,0.00281,109351.0,,
2014-11-30,,,8932960.0,0.002521,61162.0,,
2014-12-01,,,7832720.0,0.002211,73122.0,,
2014-12-02,,,9003320.0,0.002541,48024.0,,
2014-12-03,,,8536960.0,0.002409,23620.0,,
2014-12-04,,,8415700.0,0.002375,27557.0,,
2014-12-05,,,8414030.0,0.002374,20562.0,,
2014-12-06,,,8349620.0,0.002356,31683.0,,
2014-12-07,,,8531720.0,0.002407,23877.0,,
2014-12-08,,,8258520.0,0.00233,34383.0,,
2014-12-09,,,8292180.0,0.002339,32197.0,,
2014-12-10,,,7982180.0,0.002251,38567.0,,
2014-12-11,,,8608130.0,0.002427,44075.0,,
2014-12-12,,,9059130.0,0.002554,29877.0,,
2014-12-13,,,8952690.0,0.002524,21918.0,,
2014-12-14,,,9006280.0,0.002539,27160.0,,
2014-12-15,,,8778660.0,0.002474,43740.0,,
2014-12-16,,,9129480.0,0.002573,259325.0,,
2014-12-17,,,11572500.0,0.003261,883715.0,,
2014-12-18,,,14659400.0,0.00413,1247810.0,,
2014-12-19,,,21587300.0,0.00608,2205890.0,,
2014-12-20,,,20132800.0,0.005669,736524.0,,
2014-12-21,,,20903800.0,0.005886,356552.0,,
2014-12-22,,,21046400.0,0.005925,329485.0,,
2014-12-23,,,20985200.0,0.005907,219787.0,,
2014-12-24,,,20514900.0,0.005774,158568.0,,
2014-12-25,,,18127400.0,0.005102,244758.0,,
2014-12-26,,,20570100.0,0.005788,125258.0,,
2014-12-27,,,22017800.0,0.006195,88666.0,,
2014-12-28,,,21344600.0,0.006005,117923.0,,
2014-12-29,,,20636400.0,0.005805,93475.0,,
2014-12-30,,,19881200.0,0.005591,97500.0,,
2014-12-31,,,19484500.0,0.005479,42091.0,,
2015-01-01,,,19624300.0,0.005517,20514.0,,
2015-01-02,,,19342400.0,0.005438,55381.0,,
2015-01-03,,,19470100.0,0.005473,135921.0,,
2015-01-04,,,16268200.0,0.004572,137593.0,,
2015-01-05,,,15737900.0,0.004422,144416.0,,
2015-01-06,,,17687100.0,0.004969,73403.0,,
2015-01-07,,,17702900.0,0.004972,84601.0,,
2015-01-08,,,18813500.0,0.005283,222723.0,,
2015-01-09,,,19793400.0,0.005557,83886.0,,
2015-01-10,,,20039300.0,0.005625,123545.0,,
2015-01-11,,,18456000.0,0.005179,40552.0,,
2015-01-12,,,17962800.0,0.005039,60808.0,,
2015-01-13,,,17356200.0,0.004868,131331.0,,
2015-01-14,,,14335800.0,0.00402,181567.0,,
2015-01-15,,,15452100.0,0.004332,196676.0,,
2015-01-16,,,17768800.0,0.00498,129665.0,,
2015-01-17,,,15582800.0,0.004366,39285.0,,
2015-01-18,,,16601000.0,0.00465,54344.0,,
2015-01-19,,,16982200.0,0.004755,57052.0,,
2015-01-20,,,17163400.0,0.004804,35159.0,,
2015-01-21,,,17047700.0,0.00477,65656.0,,
2015-01-22,,,17835000.0,0.004988,59947.0,,
2015-01-23,,,17582600.0,0.004916,42575.0,,
2015-01-24,,,17441200.0,0.004875,59006.0,,
2015-01-25,,,18006200.0,0.00503,69844.0,,
2015-01-26,,,17208500.0,0.004806,148296.0,,
2015-01-27,,,16860000.0,0.004706,92001.0,,
2015-01-28,,,17246900.0,0.004812,30636.0,,
2015-01-29,,,17564700.0,0.004899,92086.0,,
2015-01-30,,,16306400.0,0.004546,41892.0,,
2015-01-31,,,15950700.0,0.004445,24903.0,,
2015-02-01,,,15527200.0,0.004325,70975.0,,
2015-02-02,,,14857100.0,0.004137,28423.0,,
2015-02-03,,,14943900.0,0.00416,38689.0,,
2015-02-04,,,13479800.0,0.003751,33568.0,,
2015-02-05,,,13530400.0,0.003765,48565.0,,
2015-02-06,,,14598100.0,0.00406,68194.0,,
2015-02-07,,,13729800.0,0.003817,15482.0,,
2015-02-08,,,13782800.0,0.00383,20383.0,,
2015-02-09,,,13439800.0,0.003734,23287.0,,
2015-02-10,,,13107400.0,0.003641,30401.0,,
2015-02-11,,,12800900.0,0.003554,20839.0,,
2015-02-12,,,12675200.0,0.003518,22950.0,,
2015-02-13,,,12343900.0,0.003424,20250.0,,
2015-02-14,,,12886200.0,0.003573,27228.0,,
2015-02-15,,,13332400.0,0.003696,29545.0,,
2015-02-16,,,11885700.0,0.003294,19822.0,,
2015-02-17,,,11917400.0,0.003302,10247.0,,
2015-02-18,,,12113300.0,0.003356,11492.0,,
2015-02-19,,,11410700.0,0.003161,8162.0,,
2015-02-20,,,11635500.0,0.003223,3263.0,,
2015-02-21,,,11619800.0,0.003218,3103.0,,
2015-02-22,,,11558500.0,0.0032,14027.0,,
2015-02-23,,,10223600.0,0.002831,6966.0,,
2015-02-24,,,11234700.0,0.00311,9284.0,,
2015-02-25,,,11277500.0,0.003121,11098.0,,
2015-02-26,,,11442800.0,0.003167,14216.0,,
2015-02-27,,,11265400.0,0.003117,27445.0,,
2015-02-28,,,11442000.0,0.003165,12332.0,,
2015-03-01,,,11020100.0,0.003047,17782.0,,
2015-03-02,,,10057900.0,0.00278,28398.0,,
2015-03-03,,,10745600.0,0.002969,32142.0,,
2015-03-04,,,10274400.0,0.002838,22570.0,,
2015-03-05,,,10410400.0,0.002874,25407.0,,
2015-03-06,,,10847800.0,0.002994,22390.0,,
2015-03-07,,,10704300.0,0.002953,7589.0,,
2015-03-08,,,10686600.0,0.002947,12794.0,,
2015-03-09,,,10729600.0,0.002958,29030.0,,
2015-03-10,,,10524800.0,0.0029,17921.0,,
2015-03-11,,,10659300.0,0.002936,21507.0,,
2015-03-12,,,10640000.0,0.002929,42002.0,,
2015-03-13,,,11249200.0,0.003096,13470.0,,
2015-03-14,,,10763500.0,0.002962,15790.0,,
2015-03-15,,,10764200.0,0.002961,7251.0,,
2015-03-16,,,10925500.0,0.003004,29363.0,,
2015-03-17,,,11439200.0,0.003145,12128.0,,
2015-03-18,,,10917900.0,0.003,15106.0,,
2015-03-19,,,9703950.0,0.002665,25187.0,,
2015-03-20,,,10260300.0,0.002817,14655.0,,
2015-03-21,,,11975700.0,0.002794,26725.0,,
2015-03-22,,,12827800.0,0.002992,40729.0,,
2015-03-23,,,13801300.0,0.003218,91492.0,,
2015-03-24,,,13798800.0,0.003217,41355.0,,
2015-03-25,,,12665200.0,0.002952,24844.0,,
2015-03-26,,,12587300.0,0.002933,15682.0,,
2015-03-27,,,12670000.0,0.002952,25115.0,,
2015-03-28,,,13201600.0,0.003075,26230.0,,
2015-03-29,,,12706000.0,0.002959,6928.0,,
2015-03-30,,,13085600.0,0.003047,29998.0,,
2015-03-31,,,11741900.0,0.002734,37060.0,,
2015-04-01,,,12346900.0,0.002874,10523.0,,
2015-04-02,,,12045700.0,0.002803,16448.0,,
2015-04-03,,,11464100.0,0.002667,15430.0,,
2015-04-04,,,11896500.0,0.002767,9276.0,,
2015-04-05,,,11562800.0,0.002689,12082.0,,
2015-04-06,,,11471000.0,0.002667,11075.0,,
2015-04-07,,,11064300.0,0.002572,37000.0,,
2015-04-08,,,11571300.0,0.002689,19430.0,,
2015-04-09,,,13010400.0,0.002708,14530.0,,
2015-04-10,,,12725400.0,0.002649,18291.0,,
2015-04-11,,,12682400.0,0.002639,26596.0,,
2015-04-12,,,13342500.0,0.002776,99750.0,,
2015-04-13,,,13619200.0,0.002833,12501.0,,
2015-04-14,,,13060600.0,0.002716,10358.0,,
2015-04-15,,,12767600.0,0.002655,7342.0,,
2015-04-16,,,12847400.0,0.002671,8689.0,,
2015-04-17,,,13294400.0,0.002763,11959.0,,
2015-04-18,,,12973600.0,0.002696,10026.0,,
2015-04-19,,,13192000.0,0.002741,23255.0,,
2015-04-20,,,12921700.0,0.002685,8072.0,,
2015-04-21,,,12922300.0,0.002684,14345.0,,
2015-04-22,,,13299200.0,0.002762,7432.0,,
2015-04-23,,,12797100.0,0.002657,9866.0,,
2015-04-24,,,13240900.0,0.002749,6647.0,,
2015-04-25,,,12764000.0,0.00265,5959.0,,
2015-04-26,,,12799500.0,0.002656,8844.0,,
2015-04-27,,,12739700.0,0.002643,13546.0,,
2015-04-28,,,12980500.0,0.002693,9069.0,,
2015-04-29,,,12688600.0,0.002632,15415.0,,
2015-04-30,,,12406800.0,0.002573,10060.0,,
2015-05-01,,,13191700.0,0.002735,5405.0,,
2015-05-02,,,12762600.0,0.002646,10689.0,,
2015-05-03,,,13003800.0,0.002695,6849.0,,
2015-05-04,,,12917000.0,0.002677,4015.0,,
2015-05-05,,,14578400.0,0.003021,6410.0,,
2015-05-06,,,12989200.0,0.002691,4242.0,,
2015-05-07,,,13330300.0,0.002761,17196.0,,
2015-05-08,,,13389200.0,0.002773,40149.0,,
2015-05-09,,,14130200.0,0.002926,18016.0,,
2015-05-10,,,13699200.0,0.002836,6673.0,,
2015-05-11,,,13458600.0,0.002786,7693.0,,
2015-05-12,,,14354200.0,0.002971,16605.0,,
2015-05-13,,,13482100.0,0.00279,7557.0,,
2015-05-14,,,13575700.0,0.002809,8935.0,,
2015-05-15,,,13763200.0,0.002848,6608.0,,
2015-05-16,,,13910800.0,0.002878,6243.0,,
2015-05-17,,,12563800.0,0.002599,9992.0,,
2015-05-18,,,12455600.0,0.002576,9633.0,,
2015-05-19,,,12142600.0,0.002511,46705.0,,
2015-05-20,,,12833400.0,0.002653,33006.0,,
2015-05-21,,,13165000.0,0.002722,10161.0,,
2015-05-22,,,13375700.0,0.002765,45598.0,,
2015-05-23,,,14976300.0,0.003096,42823.0,,
2015-05-24,,,14646400.0,0.003028,25015.0,,
2015-05-25,,,15165000.0,0.003135,44799.0,,
2015-05-26,,,15379300.0,0.003179,10087.0,,
2015-05-27,,,15439700.0,0.003192,21904.0,,
2015-05-28,,,15317600.0,0.003167,116009.0,,
2015-05-29,,,17173000.0,0.00355,164867.0,,
2015-05-30,,,17468100.0,0.003611,70294.0,,
2015-05-31,,,15731300.0,0.003252,34077.0,,
2015-06-01,,,16432800.0,0.003397,20681.0,,
2015-06-02,,,14969100.0,0.003094,70139.0,,
2015-06-03,,,15619700.0,0.003229,23415.0,,
2015-06-04,,,14657300.0,0.00303,17068.0,,
2015-06-05,,,15266300.0,0.003156,14581.0,,
2015-06-06,,,15262400.0,0.003155,11850.0,,
2015-06-07,,,15163100.0,0.003135,8643.0,,
2015-06-08,,,14924700.0,0.003085,6534.0,,
2015-06-09,,,15119100.0,0.003125,17228.0,,
2015-06-10,,,15506500.0,0.003206,7419.0,,
2015-06-11,,,15290000.0,0.003161,18371.0,,
2015-06-12,,,15011900.0,0.003103,7947.0,,
2015-06-13,,,14923900.0,0.003085,23848.0,,
2015-06-14,,,15632000.0,0.003232,26760.0,,
2015-06-15,,,15765600.0,0.003259,38841.0,,
2015-06-16,,,16741100.0,0.003461,104286.0,,
2015-06-17,,,18124600.0,0.003747,148541.0,,
2015-06-18,,,17419000.0,0.003601,103675.0,,
2015-06-19,,,18256800.0,0.003774,132710.0,,
2015-06-20,,,18058000.0,0.003733,52776.0,,
2015-06-21,,,17749300.0,0.003669,25279.0,,
2015-06-22,,,17063000.0,0.003527,22128.0,,
2015-06-23,,,17806500.0,0.003681,26466.0,,
2015-06-24,,,16970200.0,0.003508,12699.0,,
2015-06-25,,,16565600.0,0.003425,27297.0,,
2015-06-26,,,16815700.0,0.003476,10574.0,,
2015-06-27,,,16481100.0,0.003407,33469.0,,
2015-06-28,,,17193200.0,0.003554,12404.0,,
2015-06-29,,,16576400.0,0.003427,23192.0,,
2015-06-30,,,16947000.0,0.003503,42462.0,,
2015-07-01,,,16782500.0,0.003469,13853.0,,
2015-07-02,,,16729600.0,0.003458,10950.0,,
2015-07-03,,,16450800.0,0.003401,24472.0,,
2015-07-04,,,15795800.0,0.003265,6970.0,,
2015-07-05,,,15451000.0,0.003194,30745.0,,
2015-07-06,,,15079200.0,0.003117,19319.0,,
2015-07-07,,,15618800.0,0.003229,14883.0,,
2015-07-08,,,15190200.0,0.00314,27219.0,,
2015-07-09,,,15549700.0,0.003214,19032.0,,
2015-07-10,,,14804500.0,0.00306,59968.0,,
2015-07-11,,,15064900.0,0.003114,11058.0,,
2015-07-12,,,14904200.0,0.003081,9505.0,,
2015-07-13,,,15395800.0,0.003183,23801.0,,
2015-07-14,,,15572900.0,0.003219,11489.0,,
2015-07-15,,,14876900.0,0.003075,13358.0,,
2015-07-16,,,14485500.0,0.002995,14119.0,,
2015-07-17,,,13696400.0,0.002831,12207.0,,
2015-07-18,,,13793500.0,0.002851,2672.0,,
2015-07-19,,,14019300.0,0.002898,2580.0,,
2015-07-20,,,13891100.0,0.002872,6338.0,,
2015-07-21,,,14463800.0,0.00299,23511.0,,
2015-07-22,,,14824100.0,0.003064,19236.0,,
2015-07-23,,,15056300.0,0.003113,5114.0,,
2015-07-24,,,14689800.0,0.003037,3959.0,,
2015-07-25,,,14964100.0,0.003093,31665.0,,
2015-07-26,,,14219300.0,0.002939,3878.0,,
2015-07-27,,,14587900.0,0.003016,12245.0,,
2015-07-28,,,14246100.0,0.002945,17746.0,,
2015-07-29,,,13192500.0,0.002727,8951.0,,
2015-07-30,,,13654600.0,0.002823,4348.0,,
2015-07-31,,,13599100.0,0.002811,12919.0,,
2015-08-01,,,12792500.0,0.002645,11103.0,,
2015-08-02,,,12768400.0,0.00264,6687.0,,
2015-08-03,,,13181200.0,0.002725,7155.0,,
2015-08-04,,,12709500.0,0.002627,4294.0,,
2015-08-05,,,12729200.0,0.002631,40512.0,,
2015-08-06,,,12740600.0,0.002634,7126.0,,
2015-08-07,,,12209600.0,0.002524,4101.0,,
2015-08-08,,,11768000.0,0.002433,22350.0,,
2015-08-09,,,11710100.0,0.002421,12956.0,,
2015-08-10,,,11345900.0,0.002345,17339.0,,
2015-08-11,,,11928900.0,0.002466,7245.0,,
2015-08-12,,,11592600.0,0.002396,21375.0,,
2015-08-13,,,11507500.0,0.002379,9789.0,,
2015-08-14,,,10955700.0,0.002265,11426.0,,
2015-08-15,,,11190400.0,0.002313,6685.0,,
2015-08-16,,,10979200.0,0.00227,15113.0,,
2015-08-17,,,10370900.0,0.002144,4373.0,,
2015-08-18,,,10496700.0,0.00217,28468.0,,
2015-08-19,,,9047600.0,0.00187,36661.0,,
2015-08-20,,,8694080.0,0.001797,13326.0,,
2015-08-21,,,9807060.0,0.002027,13673.0,,
2015-08-22,,,9644820.0,0.001994,8307.0,,
2015-08-23,,,9679940.0,0.002001,2286.0,,
2015-08-24,,,9535200.0,0.001971,3367.0,,
2015-08-25,,,9103130.0,0.001882,6407.0,,
2015-08-26,,,8980460.0,0.001856,5899.0,,
2015-08-27,,,9837490.0,0.002034,4432.0,,
2015-08-28,,,9705240.0,0.002006,71683.0,,
2015-08-29,,,11396900.0,0.002356,74173.0,,
2015-08-30,,,12466900.0,0.002577,45670.0,,
2015-08-31,,,11433800.0,0.002364,32459.0,,
2015-09-01,,,11986800.0,0.002478,4818.0,,
2015-09-02,,,11781800.0,0.002436,25216.0,,
2015-09-03,,,11722200.0,0.002423,8753.0,,
2015-09-04,,,11498900.0,0.002377,7558.0,,
2015-09-05,,,11226600.0,0.002321,9478.0,,
2015-09-06,,,11691700.0,0.002417,9566.0,,
2015-09-07,,,12225100.0,0.002527,3074.0,,
2015-09-08,,,11857100.0,0.002451,11354.0,,
2015-09-09,,,11125300.0,0.0023,18552.0,,
2015-09-10,,,10618700.0,0.002195,8188.0,,
2015-09-11,,,10679200.0,0.002208,4021.0,,
2015-09-12,,,10790700.0,0.002231,1075.0,,
2015-09-13,,,10832600.0,0.002239,1583.0,,
2015-09-14,,,10435100.0,0.002157,4634.0,,
2015-09-15,,,10345300.0,0.002139,3674.0,,
2015-09-16,,,10559700.0,0.002183,7901.0,,
2015-09-17,,,10410200.0,0.002152,4024.0,,
2015-09-18,,,10778100.0,0.002228,22669.0,,
2015-09-19,,,10853700.0,0.002244,5375.0,,
2015-09-20,,,11101100.0,0.002295,3069.0,,
2015-09-21,,,10755000.0,0.002223,1970.0,,
2015-09-22,,,10360400.0,0.002142,2836.0,,
2015-09-23,,,10341300.0,0.002138,2495.0,,
2015-09-24,,,10026000.0,0.002073,3528.0,,
2015-09-25,,,9954750.0,0.002058,1193.0,,
2015-09-26,,,9944640.0,0.002056,6180.0,,
2015-09-27,,,10014700.0,0.00207,3105.0,,
2015-09-28,,,10001200.0,0.002068,4256.0,,
2015-09-29,,,10116100.0,0.002091,6058.0,,
2015-09-30,,,10037800.0,0.002075,15365.0,,
2015-10-01,,,9596740.0,0.001984,12894.0,,
2015-10-02,,,10555900.0,0.002182,2850.0,,
2015-10-03,,,10042700.0,0.002076,1917.0,,
2015-10-04,,,9943910.0,0.002056,945.0,,
2015-10-05,,,9923840.0,0.002051,862.0,,
2015-10-06,,,9785390.0,0.002023,2190.0,,
2015-10-07,,,10048600.0,0.002077,1570.0,,
2015-10-08,,,10041900.0,0.002076,3520.0,,
2015-10-09,,,9654350.0,0.001996,2854.0,,
2015-10-10,,,10146500.0,0.002098,2475.0,,
2015-10-11,,,10078900.0,0.002084,1112.0,,
2015-10-12,,,10204100.0,0.002109,3608.0,,
2015-10-13,,,9826610.0,0.002031,980.0,,
2015-10-14,,,10164000.0,0.002101,4159.0,,
2015-10-15,,,9243900.0,0.001911,14152.0,,
2015-10-16,,,9372090.0,0.001937,1630.0,,
2015-10-17,,,9362220.0,0.001935,3972.0,,
2015-10-18,0.09925,1,9600850.0,0.001985,1999.0,0.00043,2
2015-10-19,,,9537770.0,0.001972,1912.0,,
2015-10-20,,,9389160.0,0.001941,3159.0,,
2015-10-21,,,9047940.0,0.00187,3541.0,,
2015-10-22,,,9556880.0,0.001976,2145.0,,
2015-10-23,,,9473480.0,0.001958,3234.0,,
2015-10-24,,,9460610.0,0.001956,943.0,,
2015-10-25,,,9311910.0,0.001925,7266.0,,
2015-10-26,,,9136700.0,0.001889,11446.0,,
2015-10-27,,,8898460.0,0.00184,3777.0,,
2015-10-28,,,9659330.0,0.001997,6781.0,,
2015-10-29,,,9904200.0,0.002047,8212.0,,
2015-10-30,,,10012600.0,0.00207,19613.0,,
2015-10-31,,,10481500.0,0.002167,17814.0,,
2015-11-01,,,10450300.0,0.00216,10484.0,,
2015-11-02,,,10288300.0,0.002127,3748.0,,
2015-11-03,,,10633600.0,0.002198,21834.0,,
2015-11-04,239566.758788,1084,10627400.0,0.002197,52465.0,0.01152,536
2015-11-05,151486.823142,29335,10558100.0,0.002183,10392.0,0.29351,536
2015-11-06,579501.841891,33246,9712060.0,0.002008,6285.0,0.33328,1236
2015-11-07,61498.5315417,9994,9283660.0,0.001919,2878.0,0.10056,628
2015-11-08,11416.5083227,299,9742530.0,0.002014,1700.0,0.00371,300
2015-11-09,766504.618564,304,9411710.0,0.001946,2082.0,0.00338,305
2015-11-10,65922.4847279,197,9822400.0,0.002031,10658.0,0.00217,197
2015-11-11,22605.7188588,145,9878220.0,0.002042,3594.0,0.00171,144
2015-11-12,30483.6373319,242,9495050.0,0.001963,3518.0,0.00303,243
2015-11-13,1842.55595643,338,10015500.0,0.00207,1100.0,0.00585,327
2015-11-14,54692.6195376,183,9575260.0,0.001979,527.0,0.00316,184
2015-11-15,5911.91086128,124,9584640.0,0.001981,491.0,0.00151,125
2015-11-16,44576.7590281,1032,9610860.0,0.001987,493.0,0.0113,1030
2015-11-17,2048.96934678,1270,9298900.0,0.001922,778.0,0.01334,1253
2015-11-18,3783.03529345,969,9745440.0,0.002015,1737.0,0.01241,957
2015-11-19,1488.94321071,1193,9240660.0,0.00191,1207.0,0.01221,1174
2015-11-20,10276697.4417,819,9339150.0,0.001931,2032.0,0.00884,810
2015-11-21,1320.98342238,203,9162150.0,0.001894,2219.0,0.00245,206
2015-11-22,1777.87026454,368,9237560.0,0.00191,552.0,0.00405,242
2015-11-23,145416.905391,468,9541640.0,0.001972,698.0,0.00485,454
2015-11-24,12531.2126816,722,9190400.0,0.0019,928.0,0.00734,715
2015-11-25,1085.95529113,870,9033860.0,0.001868,1503.0,0.00901,873
2015-11-26,1459.9093565,116,9227980.0,0.001908,3910.0,0.00162,116
2015-11-27,2605.65663286,326,9260340.0,0.001914,2338.0,0.00488,217
2015-11-28,435431.047309,171,8536970.0,0.001765,4101.0,0.00245,127
2015-11-29,683.257609594,45,8429140.0,0.001743,4142.0,0.00113,48
2015-11-30,339879.598482,69,8414780.0,0.00174,3270.0,0.00104,68
2015-12-01,22.6702155504,7,8324030.0,0.001721,4810.0,0.00014,9
2015-12-02,18353.8213488,142,8409700.0,0.001738,2569.0,0.00158,123
2015-12-03,1111.94891511,43,8551670.0,0.001768,1760.0,0.00072,46
2015-12-04,3818.8488111,98,8284070.0,0.001713,7757.0,0.00194,90
2015-12-05,3679.15796332,52,9725550.0,0.002011,8006.0,0.00103,48
2015-12-06,7526.81532625,37,9017940.0,0.001864,11491.0,0.00082,39
2015-12-07,17351.8383995,76,9273600.0,0.001917,4636.0,0.00405,78
2015-12-08,4205.65844088,145,9508700.0,0.001966,35702.0,0.00236,147
2015-12-09,3579.90381861,306,11106400.0,0.002296,180884.0,0.00402,302
2015-12-10,2765.9706147,1154,9980630.0,0.002063,77097.0,0.01233,1156
2015-12-11,14238.8976577,619,9798790.0,0.002026,56225.0,0.00646,622
2015-12-12,14774.9017616,40,10326800.0,0.002135,20232.0,0.00215,35
2015-12-13,481.717168404,48,9605100.0,0.001986,13149.0,0.00161,40
2015-12-14,610.421388122,33,9989040.0,0.002065,8617.0,0.00068,35
2015-12-15,10771.2854678,49,9594070.0,0.001983,25706.0,0.001,51
2015-12-16,227.935716398,32,9048130.0,0.00187,18099.0,0.00065,33
2015-12-17,1653.10909571,59,8927870.0,0.001846,9562.0,0.0016,61
2015-12-18,874.411699543,52,8981180.0,0.001857,11457.0,0.00063,53
2015-12-19,884.579149708,27,8943110.0,0.001849,13348.0,0.00051,29
2015-12-20,112.2168005,7,8911430.0,0.001842,8714.0,0.00023,8
2015-12-21,108.741342075,15,8450230.0,0.001747,8595.0,0.00027,17
2015-12-22,0.03562,1,8614320.0,0.001781,23377.0,0.00047,2
2015-12-23,6463.42420817,125,8347920.0,0.001726,17711.0,0.00204,126
2015-12-24,5071.16533106,27,8431660.0,0.001743,22656.0,0.0013,28
2015-12-25,196.906557759,21,8496860.0,0.001757,14657.0,0.00085,22
2015-12-26,770.694178529,25,8851350.0,0.00183,14773.0,0.00085,27
2015-12-27,31.5228373846,15,7978740.0,0.001649,47298.0,0.00088,17
2015-12-28,539.664588444,47,8331330.0,0.001722,21904.0,0.00171,49
2015-12-29,922.670887458,31,8567100.0,0.001771,47760.0,0.00126,32
2015-12-30,1151.69539994,76,8443070.0,0.001745,46252.0,0.00162,78
2015-12-31,170.777383736,29,8533920.0,0.001764,27310.0,0.001,30
2016-01-01,435.336171213,33,8472820.0,0.001752,4947.0,0.00066,34
2016-01-02,192.040065341,36,8462960.0,0.00175,45950.0,0.00086,37
2016-01-03,778.605631536,22,8479600.0,0.001753,43531.0,0.00068,24
2016-01-04,1249.96750067,35,8439010.0,0.001745,4634.0,0.00082,36
2016-01-05,1239.20801856,31,8456040.0,0.001748,18239.0,0.00126,35
2016-01-06,1035.39980018,56,8325820.0,0.001721,27863.0,0.00081,34
2016-01-07,2940.5160943,40,8073020.0,0.001669,26671.0,0.00117,45
2016-01-08,56316.9459875,27,8399830.0,0.001736,28246.0,0.00068,28
2016-01-09,1012.82442831,27,8137060.0,0.001682,38630.0,0.00076,28
2016-01-10,464.63377255,16,8461790.0,0.001749,51522.0,0.00056,19
2016-01-11,21.5949609776,42,8544660.0,0.001766,24871.0,0.00086,28
2016-01-12,681.534586918,39,8397600.0,0.001736,25468.0,0.00081,29
2016-01-13,400.062986206,21,8424060.0,0.001741,50968.0,0.00072,22
2016-01-14,225.231750203,31,8822900.0,0.001824,64127.0,0.00068,32
2016-01-15,51.1266503851,69,9323670.0,0.001927,60907.0,0.00115,38
2016-01-16,61.5899577962,24,8404280.0,0.001737,24153.0,0.00059,25
2016-01-17,8888.57357299,18,8453860.0,0.001748,25329.0,0.00048,19
2016-01-18,1691.5182999,20,8291710.0,0.001714,14408.0,0.00059,21
2016-01-19,1210.96396141,31,8283780.0,0.001712,36629.0,0.00075,32
2016-01-20,556.281077014,30,8772500.0,0.001813,37726.0,0.00053,32
2016-01-21,279.003743585,29,8787300.0,0.001817,28653.0,0.00086,31
2016-01-22,66.7863703162,20,8384060.0,0.001733,29515.0,0.00065,22
2016-01-23,217.500499434,14,8232070.0,0.001702,38222.0,0.00063,15
2016-01-24,398.692365135,11,8199270.0,0.001695,28012.0,0.00075,12
2016-01-25,912.922830784,28,8334910.0,0.001723,39140.0,0.00111,30
2016-01-26,3995.17778644,39,8279470.0,0.001712,115830.0,0.00178,35
2016-01-27,4014.60261446,30,9205830.0,0.001903,213842.0,0.00097,32
2016-01-28,56.0898923593,48,10822500.0,0.002237,137591.0,0.00113,49
2016-01-29,4020.98465607,45,9235240.0,0.001909,78803.0,0.00079,49
2016-01-30,25.8325110712,18,9128770.0,0.001887,37270.0,0.00039,20
2016-01-31,23.2902588031,17,8392620.0,0.001735,26362.0,0.00027,18
2016-02-01,1123.20518984,35,8591390.0,0.001776,14159.0,0.00064,36
2016-02-02,4234.60013007,77,8674930.0,0.001793,40152.0,0.00122,58
2016-02-03,468.798897374,32,8687840.0,0.001796,33079.0,0.0007,34
2016-02-04,66.2100103031,11,8739020.0,0.001807,22478.0,0.00035,12
2016-02-05,218.22403303,49,8721120.0,0.001803,27232.0,0.00095,48
2016-02-06,61.1759633467,19,8876890.0,0.001835,19431.0,0.00033,21
2016-02-07,4890.72582011,16,9017410.0,0.001864,48478.0,0.00089,18
2016-02-08,1489.47883395,17,8893770.0,0.001839,15539.0,0.00038,19
2016-02-09,98.7574315039,18,8965270.0,0.001853,17156.0,0.00066,20
2016-02-10,67.7356047934,15,8840410.0,0.001828,28847.0,0.00046,17
2016-02-11,137.300657746,13,8921680.0,0.001844,31082.0,0.00044,15
2016-02-12,165.074981848,14,9085090.0,0.001878,715496.0,0.00129,16
2016-02-13,16157.1174535,19,11277700.0,0.002331,87956.0,0.00045,21
2016-02-14,240.649313863,24,10631800.0,0.002198,47727.0,0.0006,26
2016-02-15,162.961093141,22,10605000.0,0.002192,27720.0,0.00052,23
2016-02-16,73.9836887182,62,10594400.0,0.00219,114749.0,0.00118,64
2016-02-17,154.615613635,35,12792200.0,0.002644,123493.0,0.00121,36
2016-02-18,830.806335333,28,10450700.0,0.00216,22194.0,0.00051,29
2016-02-19,997.110206596,25,10247100.0,0.002118,43957.0,0.00077,27
2016-02-20,62.3922059941,25,10208300.0,0.00211,33898.0,0.00047,27
2016-02-21,81.7802599608,18,9952180.0,0.002057,29419.0,0.00049,21
2016-02-22,620.378231717,18,10425600.0,0.002155,27370.0,0.00052,19
2016-02-23,164.323208292,12,9598720.0,0.001984,43865.0,0.0004,13
2016-02-24,241.687135632,20,9210470.0,0.001904,21033.0,0.00041,23
2016-02-25,147.930953387,16,9405560.0,0.001944,9214.0,0.00041,20
2016-02-26,100.229784591,43,9557410.0,0.001976,28136.0,0.00094,46
2016-02-27,85.0334964567,19,9457180.0,0.001955,22000.0,0.00042,20
2016-02-28,1150.54827264,14,9688940.0,0.002003,33416.0,0.0004,15
2016-02-29,27.1029088403,15,9583340.0,0.001981,23302.0,0.00058,16
2016-03-01,2816.43449998,18,9427770.0,0.001949,15994.0,0.00032,19
2016-03-02,24.4365765211,12,9237270.0,0.00191,22381.0,0.00047,13
2016-03-03,1852.56996617,263,9131580.0,0.001888,24504.0,0.00373,264
2016-03-04,622.75035058,87,9148750.0,0.001891,25208.0,0.00131,89
2016-03-05,215.36575465,56,9252750.0,0.001913,39964.0,0.0014,57
2016-03-06,965.662298119,12,8822080.0,0.001824,41218.0,0.00037,13
2016-03-07,6084.64315178,27,9383360.0,0.00194,325391.0,0.00161,29
2016-03-08,12808.4686561,32,11358400.0,0.002348,127065.0,0.0008,34
2016-03-09,272.035546924,15,10719200.0,0.002216,52341.0,0.00052,16
2016-03-10,1447.89576228,22,10783600.0,0.002229,119765.0,0.00075,24
2016-03-11,403.314672983,33,13024200.0,0.002374,346969.0,0.00095,33
2016-03-12,156.038279115,25,14017300.0,0.002555,102896.0,0.0013,27
2016-03-13,137.435082664,25,12495100.0,0.002278,56827.0,0.00077,26
2016-03-14,6927.97278803,12,12008000.0,0.002189,74931.0,0.00093,13
2016-03-15,23.5289573197,25,11737300.0,0.00214,45366.0,0.00066,26
2016-03-16,68.6065710098,21,12049700.0,0.002197,24794.0,0.00076,22
2016-03-17,67.4929049151,27,11725900.0,0.002138,45510.0,0.0006,28
2016-03-18,382.354809649,14,11774300.0,0.002146,50038.0,0.00062,15
2016-03-19,280.531963799,45,10889800.0,0.001985,46715.0,0.00133,46
2016-03-20,42.1890539048,29,10960300.0,0.001998,23789.0,0.0006,30
2016-03-21,3040.10160341,16,11455700.0,0.002088,24440.0,0.00072,18
2016-03-22,921.486387356,16,11379400.0,0.002074,18784.0,0.00044,17
2016-03-23,21931.7904095,15,11404300.0,0.002079,20972.0,0.00043,16
2016-03-24,187.483295095,24,11924700.0,0.002174,19201.0,0.0011,25
2016-03-25,240.419132655,17,11451100.0,0.002087,23037.0,0.00065,18
2016-03-26,5243.13263125,8,11385100.0,0.002075,15616.0,0.00026,9
2016-03-27,21.8074795244,10,11293500.0,0.002059,31234.0,0.00034,11
2016-03-28,1956.78823084,14,11142300.0,0.002031,84150.0,0.00071,16
2016-03-29,229.644398388,31,11588000.0,0.002112,17062.0,0.00077,32
2016-03-30,5342.61570087,14,11446400.0,0.002087,18345.0,0.00039,15
2016-03-31,709.021262106,25,11185600.0,0.002039,34233.0,0.00068,27
2016-04-01,188.573957843,21,11112600.0,0.002026,20022.0,0.00039,23
2016-04-02,233.037744177,22,11230300.0,0.002047,30735.0,0.00049,23
2016-04-03,0.489724364005,9,11458600.0,0.002089,43511.0,0.00061,11
2016-04-04,1278.83692521,28,12096900.0,0.002205,179638.0,0.00151,31
2016-04-05,11209.6493076,16,12611500.0,0.002299,79658.0,0.00051,18
2016-04-06,3324.50012909,24,11849100.0,0.00216,30023.0,0.00045,26
2016-04-07,23957.1602617,134,11817100.0,0.002154,43761.0,0.00158,136
2016-04-08,1331.03092016,10,11824800.0,0.002156,33986.0,0.00018,11
2016-04-09,789.379137279,50,11981700.0,0.002184,29154.0,0.00127,52
2016-04-10,46.4217426039,54,11067400.0,0.002018,128084.0,0.00195,55
2016-04-11,46.8137372355,7,10341500.0,0.001885,26655.0,0.00025,9
2016-04-12,67.7855181031,11,10436900.0,0.001903,38237.0,0.00048,12
2016-04-13,29.9199459072,11,10289800.0,0.001876,43097.0,0.00047,12
2016-04-14,58.3537556722,15,10278800.0,0.001874,23351.0,0.00059,16
2016-04-15,20.4534662577,13,10296600.0,0.001877,40559.0,0.0007,14
2016-04-16,2.28003401359,17,10305100.0,0.001879,18872.0,0.00049,19
2016-04-17,54.8404419987,7,10543400.0,0.001922,14645.0,0.00026,8
2016-04-18,72.196782103,24,10418700.0,0.001899,24122.0,0.00073,26
2016-04-19,48.1096697364,29,10441300.0,0.001903,13111.0,0.00062,30
2016-04-20,6050.73633957,34,10577700.0,0.001928,39461.0,0.00084,35
2016-04-21,908.049664635,24,10525900.0,0.001919,54310.0,0.00064,26
2016-04-22,590.995189524,8,10282900.0,0.001874,26976.0,0.00038,9
2016-04-23,1369.04855365,2,10516300.0,0.001917,22819.0,0.00028,3
2016-04-24,,,10565900.0,0.001926,18230.0,,
2016-04-25,,,10491200.0,0.001912,55865.0,,
2016-04-26,,,10279500.0,0.001874,93637.0,,
2016-04-27,1342.23340042,55,9982290.0,0.00182,31873.0,0.00117,55
2016-04-28,134.312713443,27,10056100.0,0.001833,44636.0,0.00085,28
2016-04-29,280.689475512,19,10444900.0,0.001904,11889.0,0.00055,20
2016-04-30,16.7491022047,10,10141500.0,0.001849,24008.0,0.00024,12
2016-05-01,1.2004658944,6,10158800.0,0.001852,6884.0,0.00049,7
2016-05-02,16.6923735225,15,10330700.0,0.001883,19403.0,0.00045,17
2016-05-03,3815.06851704,6,10248500.0,0.001868,17242.0,0.00018,8
2016-05-04,46000.1687202,45,10216600.0,0.001862,16615.0,0.00077,47
2016-05-05,39.6928223726,21,10228500.0,0.001865,12585.0,0.00033,23
2016-05-06,563.498536574,25,10094100.0,0.00184,8634.0,0.00043,27
2016-05-07,1087.60925955,9,10076000.0,0.001837,10780.0,0.00023,10
2016-05-08,14.8518401113,18,9951850.0,0.001814,18197.0,0.00043,20
2016-05-09,207.091038445,15,9852060.0,0.001796,7597.0,0.00036,16
2016-05-10,23342.6608651,34,9884810.0,0.001802,22841.0,0.00086,35
2016-05-11,1901.9139359,38,9735820.0,0.001775,10744.0,0.00055,39
2016-05-12,1745.94197903,22,9855850.0,0.001797,13568.0,0.00046,23
2016-05-13,12662.6658428,264,9877520.0,0.001801,33122.0,0.0056,255
2016-05-14,868.757556147,48,9709270.0,0.00177,5037.0,0.00097,50
2016-05-15,245.844416505,16,9780640.0,0.001783,6509.0,0.00046,18
2016-05-16,11280.516649,42,9544640.0,0.00174,18729.0,0.00063,43
2016-05-17,343.340080453,27,9454680.0,0.001724,14874.0,0.00075,29
2016-05-18,11.5508191449,18,9327460.0,0.0017,5071.0,0.00032,21
2016-05-19,254.28072467,53,9384080.0,0.001711,24544.0,0.00094,44
2016-05-20,32.9835766234,26,9135470.0,0.001665,34740.0,0.00088,31
2016-05-21,316.333661912,44,9053020.0,0.00165,34693.0,0.00087,45
2016-05-22,274.410766852,33,8963000.0,0.001634,11344.0,0.00144,36
2016-05-23,26691.6680739,51,8919600.0,0.001626,15998.0,0.00101,48
2016-05-24,6558.03108055,27,8769630.0,0.001599,22195.0,0.00079,30
2016-05-25,310.781204369,52,8833320.0,0.00161,23106.0,0.00341,27
2016-05-26,65.4952894276,68,8505980.0,0.001551,38921.0,0.00121,54
2016-05-27,198.20825338,30,8124070.0,0.001481,43506.0,0.0008,27
2016-05-28,18.4076125132,17,7920390.0,0.001444,50704.0,0.00069,20
2016-05-29,133.744846231,24,8090770.0,0.001475,51175.0,0.01287,25
2016-05-30,152.216173687,42,8213930.0,0.001497,15509.0,0.00941,31
2016-05-31,1597.82407045,25,8292700.0,0.001512,18898.0,0.00084,27
2016-06-01,9141.87537583,26,8461280.0,0.001542,24848.0,0.00059,29
2016-06-02,136.700756284,33,8372080.0,0.001526,3798.0,0.0006,21
2016-06-03,740.491949213,40,8294730.0,0.001512,11139.0,0.00108,42
2016-06-04,1063.71256831,18,8391660.0,0.00153,13522.0,0.00057,19
2016-06-05,851.967837149,23,8372630.0,0.001526,7181.0,0.00065,24
2016-06-06,69.3291672719,12,8217880.0,0.001498,3612.0,0.00032,14
2016-06-07,173.753355884,33,8208440.0,0.001496,19109.0,0.00065,36
2016-06-08,125.382683943,20,8160500.0,0.001488,9521.0,0.00049,22
2016-06-09,120.889133821,66,8208060.0,0.001496,26347.0,0.001,32
2016-06-10,180.901720421,44,8707360.0,0.001587,7053.0,0.00072,31
2016-06-11,239.416338584,2,8627440.0,0.001573,16469.0,0.00026,3
2016-06-12,239.003152238,25,8647460.0,0.001576,42720.0,0.00092,26
2016-06-13,40.0904762067,30,8888500.0,0.00162,37628.0,0.00081,21
2016-06-14,179.298646132,45,8561010.0,0.001561,176486.0,0.00099,47
2016-06-15,214.330068523,120,9622540.0,0.001754,31927.0,0.00172,123
2016-06-16,329.803154243,453,9145780.0,0.001667,30780.0,0.00522,455
2016-06-17,3780.22628261,990,9451880.0,0.001723,60976.0,0.01055,977
2016-06-18,215.961611106,592,9311890.0,0.001697,37093.0,0.00609,596
2016-06-19,4018.97736796,2141,9642670.0,0.001758,57599.0,0.02184,685
2016-06-20,170.596865073,2090,10065200.0,0.001835,77260.0,0.02128,683
2016-06-21,37.79833293,1088,9661820.0,0.001761,124214.0,0.01118,1079
2016-06-22,17199.2859447,2507,9377330.0,0.001709,70192.0,0.0256,1363
2016-06-23,173.026623069,1242,8999480.0,0.001641,37747.0,0.01273,1226
2016-06-24,198.751015431,1429,9137990.0,0.001666,80904.0,0.01481,1417
2016-06-25,107.335974972,1315,9814370.0,0.001789,52335.0,0.01366,1317
2016-06-26,1659.00138117,1334,9807240.0,0.001788,394757.0,0.0142,1336
2016-06-27,464.443911647,1383,11081200.0,0.00202,543934.0,0.01539,1386
2016-06-28,2159.77674478,1443,13962800.0,0.002545,849604.0,0.01674,1446
2016-06-29,90.6862173103,1459,12872500.0,0.002347,299766.0,0.01585,1464
2016-06-30,105.304431219,1481,11236200.0,0.002048,152025.0,0.01554,1468
2016-07-01,1519.00059859,1492,11615800.0,0.002117,77519.0,0.01524,1490
2016-07-02,99.4172791276,1758,11164600.0,0.002035,46649.0,0.01795,1760
2016-07-03,97.8686324304,1469,11161200.0,0.002035,49340.0,0.01498,1471
2016-07-04,75.7295489208,601,10582900.0,0.001929,99562.0,0.00645,581
2016-07-05,1548.87382273,325,10599300.0,0.001932,81723.0,0.00449,214
2016-07-06,3449.55018319,359,10253100.0,0.001869,45332.0,0.00487,256
2016-07-07,1184.29647005,561,10130000.0,0.001847,71044.0,0.0062,496
2016-07-08,224.837147039,809,9543160.0,0.00174,63067.0,0.0089,720
2016-07-09,6130.68365168,910,10003800.0,0.001824,29463.0,0.00951,876
2016-07-10,212.606030616,825,9671470.0,0.001763,52317.0,0.00852,797
2016-07-11,2809.90585136,1143,10154900.0,0.001851,73548.0,0.01258,1038
2016-07-12,245.108143906,1077,9964790.0,0.001817,206642.0,0.01335,1036
2016-07-13,487.279126622,1200,10810000.0,0.001971,472760.0,0.01286,1081
2016-07-14,463.451589737,1260,11817600.0,0.002154,208913.0,0.01328,1238
2016-07-15,961.884811062,1554,11187400.0,0.002039,55698.0,0.0159,1513
2016-07-16,355.325923849,2183,10821800.0,0.001973,34167.0,0.02216,2174
2016-07-17,898.873712328,4392,10566000.0,0.001926,40947.0,0.04421,4372
2016-07-18,530.442364898,4387,10569300.0,0.001927,36209.0,0.04433,4354
2016-07-19,182.499668677,4381,10889700.0,0.001985,38329.0,0.04423,4295
2016-07-20,522.717777263,4452,10740700.0,0.0019,29104.0,0.04488,4425
2016-07-21,2811.82166738,4664,10634500.0,0.001881,33817.0,0.04682,4605
2016-07-22,822.966979161,4238,10404200.0,0.00184,28249.0,0.04272,4233
2016-07-23,4578.98011942,4351,10338800.0,0.001829,184081.0,0.04613,4344
2016-07-24,278.271947018,4360,11883800.0,0.002102,365060.0,0.04538,4346
2016-07-25,224.401847927,4808,12854900.0,0.002274,126331.0,0.04893,4739
2016-07-26,830.724558354,4422,12142500.0,0.002148,85306.0,0.04498,4359
2016-07-27,1604.50766619,4444,10958500.0,0.001938,42518.0,0.05538,4364
2016-07-28,90.1479043417,1723,10918200.0,0.001931,26246.0,0.01769,1715
2016-07-29,81.9679104672,23,11018800.0,0.001949,20761.0,0.00056,23
2016-07-30,52.5580537898,15,11380300.0,0.002013,29195.0,0.00059,12
2016-07-31,1482.69623401,13,10967500.0,0.00194,41971.0,0.00049,15
2016-08-01,82.5845817084,60,10824100.0,0.001915,44883.0,0.00115,34
2016-08-02,23.0446542803,26,10659000.0,0.001886,68214.0,0.00099,26
2016-08-03,50.0358859572,1127,10022200.0,0.001773,74611.0,0.01188,979
2016-08-04,166.091326514,2583,10179800.0,0.001801,29099.0,0.02631,2527
2016-08-05,845.707433616,4521,10622200.0,0.001879,69207.0,0.04581,4453
2016-08-06,665.620113992,4376,10740000.0,0.0019,60717.0,0.04412,4377
2016-08-07,827.377327217,4915,11058200.0,0.001956,18833.0,0.04971,4919
2016-08-08,500.719398209,5090,10669300.0,0.001887,26338.0,0.0522,5016
2016-08-09,1868.06340506,5381,10450600.0,0.001849,24533.0,0.05413,5335
2016-08-10,169.205882777,3534,10574400.0,0.001871,34674.0,0.03588,3519
2016-08-11,87.7873029837,33,10683700.0,0.00189,24310.0,0.00064,35
2016-08-12,27.8499321357,22,10676200.0,0.001889,75248.0,0.0007,24
2016-08-13,51.7371953503,10,10350300.0,0.001831,224229.0,0.0012,11
2016-08-14,1708.97089637,22,11542600.0,0.002042,109736.0,0.00104,24
2016-08-15,338.846211036,25,11289700.0,0.001997,73171.0,0.00083,17
2016-08-16,317.338005811,44,11430500.0,0.002022,35420.0,0.00084,28
2016-08-17,12.7013638167,12,11399300.0,0.002016,26694.0,0.00056,13
2016-08-18,10.9763608646,10,11290300.0,0.001997,19780.0,0.0005,14
2016-08-19,7.68821056906,14,11171700.0,0.001976,17689.0,0.00063,13
2016-08-20,56.1797368526,18,11135900.0,0.00197,21147.0,0.00039,18
2016-08-21,0.75653801923,10,10909800.0,0.00193,17520.0,0.00049,12
2016-08-22,70.8139495237,529,10798700.0,0.00191,13561.0,0.00589,534
2016-08-23,151.737433142,2220,10874100.0,0.001924,16207.0,0.0227,2207
2016-08-24,167.02169511,2318,10614500.0,0.001878,6614.0,0.02342,2322
2016-08-25,191.219590479,2209,10676800.0,0.001889,10012.0,0.02229,2196
2016-08-26,244.651128072,2353,10494800.0,0.001856,49643.0,0.02415,2341
2016-08-27,131.347561223,2482,10675300.0,0.001888,16953.0,0.02501,2485
2016-08-28,114.439589377,2278,10520700.0,0.001861,47598.0,0.02321,2281
2016-08-29,144.212414325,2388,10283500.0,0.001819,29491.0,0.02425,2393
2016-08-30,280.772973642,2350,10345900.0,0.00183,16263.0,0.02414,2354
2016-08-31,404.633658159,2381,10459700.0,0.00185,28165.0,0.02491,2385
2016-09-01,640.673455708,2325,10776700.0,0.001906,25272.0,0.02375,2316
2016-09-02,123.741262089,2300,10668700.0,0.001887,15997.0,0.02335,2306
2016-09-03,199.549481829,2276,10655800.0,0.001885,16975.0,0.02298,2278
2016-09-04,293.191640944,2287,10757100.0,0.001903,36104.0,0.02306,2290
2016-09-05,423.811519059,2611,10979700.0,0.001942,27785.0,0.02712,2554
2016-09-06,427.846743023,2607,10809400.0,0.001912,14360.0,0.02651,2598
2016-09-07,461.356562787,1230,10880100.0,0.001925,29307.0,0.01319,1219
2016-09-08,91.8866753772,20,10883100.0,0.001925,17422.0,0.00073,22
2016-09-09,171.129111648,250,10909900.0,0.00193,51986.0,0.00306,253
2016-09-10,148.041409603,593,11322900.0,0.002003,173430.0,0.00686,595
2016-09-11,578.475853865,588,11438400.0,0.002023,51896.0,0.00621,590
2016-09-12,402.023225514,588,10889700.0,0.001926,25451.0,0.00657,589
2016-09-13,218.06849756,581,10974800.0,0.001941,62818.0,0.00613,586
2016-09-14,194.121286216,1014,11002900.0,0.001946,13081.0,0.01064,1017
2016-09-15,589.419616325,2866,11098600.0,0.001963,555936.0,0.02998,2865
2016-09-16,326.622311098,4251,13022700.0,0.002304,204787.0,0.04336,4253
2016-09-17,750.4476036,4022,12684000.0,0.002082,39093.0,0.04084,4026
2016-09-18,370.225036009,4261,13172200.0,0.002162,57508.0,0.04297,4264
2016-09-19,1012.13619307,3584,12728500.0,0.002089,48729.0,0.03631,3589
2016-09-20,338.582555816,3680,12960000.0,0.002127,79813.0,0.03748,3681
2016-09-21,195.71293075,2287,12522600.0,0.002055,53003.0,0.02426,2284
2016-09-22,190.79362897,1541,12705200.0,0.002085,67088.0,0.01603,1438
2016-09-23,274.95757552,5149,13024200.0,0.002138,47176.0,0.05187,5147
2016-09-24,473.888089949,5344,12598300.0,0.002068,75069.0,0.0539,5339
2016-09-25,2786.51378855,5332,13479500.0,0.002213,366417.0,0.05427,5306
2016-09-26,2881.25161109,5167,14978900.0,0.002459,379360.0,0.05315,5100
2016-09-27,1314.75916,5384,14527200.0,0.002384,136361.0,0.05508,5373
2016-09-28,2091.31638685,5525,15570700.0,0.002556,1211050.0,0.05688,5374
2016-09-29,5935.00123436,4236,19105200.0,0.003136,484615.0,0.04449,4169
2016-09-30,1437.88399808,3035,18380600.0,0.003017,320074.0,0.03185,3034
2016-10-01,3770.89027581,3449,17298900.0,0.002839,187694.0,0.03558,3412
2016-10-02,842.860653225,3519,16946600.0,0.002782,105129.0,0.03597,3522
2016-10-03,3429.12238637,4229,17495000.0,0.002872,83760.0,3.04328,4203
2016-10-04,1065.96895842,3854,16478600.0,0.002705,100249.0,0.03904,3819
2016-10-05,2093.32527985,33,15780400.0,0.00259,119902.0,0.0015,21
2016-10-06,19.2547664126,40,15210900.0,0.002497,108291.0,0.0015,27
2016-10-07,225.821990576,29,14046100.0,0.002306,72283.0,0.00102,25
2016-10-08,1.26228238221,5,15725800.0,0.002386,36449.0,0.0006,6
2016-10-09,463.749635244,2,15267300.0,0.002317,167282.0,0.000284,4
2016-10-10,1338.25176916,29,15686300.0,0.00238,119501.0,0.000862,27
2016-10-11,14.700659449,11,16899400.0,0.002467,429422.0,0.000756,14
2016-10-12,280.571113742,5,18349200.0,0.002678,76408.0,0.000376,7
2016-10-13,13.6539990123,8,18069600.0,0.002637,52851.0,0.00028,10
2016-10-14,271.680006367,17,17374200.0,0.002536,100389.0,0.00073,20
2016-10-15,18.2364879195,8,16983100.0,0.002479,14235.0,0.00039,9
2016-10-16,15.1973749226,6,16693700.0,0.002437,57966.0,0.00013,8
2016-10-17,419.515412613,9,16574200.0,0.002419,58355.0,0.00048,11
2016-10-18,93.6337261618,59,15692600.0,0.00229,31261.0,0.00258,28
2016-10-19,86.8630219869,7,16359100.0,0.002388,61624.0,0.00404,8
2016-10-20,806.675177721,27,16004800.0,0.002336,245923.0,0.00441,30
2016-10-21,36.7099365901,21,18278200.0,0.002668,184807.0,0.00418,21
2016-10-22,17.7042945573,4,16924000.0,0.00247,80103.0,0.00373,5
2016-10-23,377.812111314,21,16504400.0,0.002409,23756.0,0.00179,25
2016-10-24,2.30468549682,20,16709600.0,0.002439,48913.0,0.00289,21
2016-10-25,245.821276109,24,16928200.0,0.002471,68368.0,0.00279,25
2016-10-26,278.300286134,14,16153800.0,0.002358,53832.0,0.00203,16
2016-10-27,349.300320713,35,16014900.0,0.002337,159436.0,0.00224,38
2016-10-28,129.775943742,32,14697900.0,0.002145,64020.0,0.00178,34
2016-10-29,996.742821695,169,14351700.0,0.002095,201667.0,0.00344,64
2016-10-30,319.618238929,13,13458900.0,0.001964,80875.0,0.00153,15
2016-10-31,107.100421065,24,14517100.0,0.002119,88239.0,0.00133,17
2016-11-01,17.0576859483,34,14308400.0,0.002088,39128.0,0.00174,12
2016-11-02,53.6995772856,7,13544800.0,0.001977,43064.0,0.00161,8
2016-11-03,17.9556579866,8,13797300.0,0.002014,54324.0,0.00205,10
2016-11-04,17.6644658831,7,13640700.0,0.001991,18107.0,0.00058,9
2016-11-05,21.1003025873,5,13724700.0,0.002003,11174.0,0.00131,6
2016-11-06,9.63872909774,5,13845800.0,0.002021,58461.0,0.00366,6
2016-11-07,53.2334502647,10,13492500.0,0.001969,34635.0,0.00103,12
2016-11-08,1045.31399765,6,13792800.0,0.002013,30553.0,0.00097,9
2016-11-09,40.6056158263,5,13658700.0,0.001994,44284.0,0.00312,6
2016-11-10,4.63050710357,2,13486300.0,0.001968,36825.0,0.0012,3
2016-11-11,1.84456101104,2,13347300.0,0.001948,38438.0,0.00132,3
2016-11-12,33.7298495231,9,13105300.0,0.001913,24842.0,0.00111,10
2016-11-13,4.97353555827,15,13010000.0,0.001899,30930.0,0.00214,16
2016-11-14,24.8924723102,14,12986100.0,0.001895,32401.0,0.00281,17
2016-11-15,124.699922083,30,12903900.0,0.001883,26787.0,0.00379,25
2016-11-16,40.2729635405,89,12687400.0,0.001852,43749.0,0.00335,65
2016-11-17,4.69664326743,3,12159800.0,0.001775,74554.0,0.00091,5
2016-11-18,9.73698231116,6,12414400.0,0.001812,21364.0,0.00148,7
2016-11-19,2355.26284576,3,12374800.0,0.001806,9237.0,0.0011,5
2016-11-20,11.4048395908,7,12308700.0,0.001797,17977.0,0.00078,8
2016-11-21,0.1105277448,3,12055600.0,0.00176,4925.0,0.00083,4
2016-11-22,39.7923398215,13,12022900.0,0.001755,32403.0,0.00259,15
2016-11-23,18.7334256572,17,11831700.0,0.001727,21588.0,0.00203,19
2016-11-24,15.2289616809,11,11873200.0,0.001733,35768.0,0.00167,13
2016-11-25,57.4581274507,16,11583900.0,0.001691,13354.0,0.00224,18
2016-11-26,71.1535090187,8,11766800.0,0.001717,31598.0,0.0026,9
2016-11-27,22.648570888,9,11294900.0,0.001649,7384.0,0.00319,10
2016-11-28,8.05660689843,26,11405800.0,0.001665,13301.0,0.00299,20
2016-11-29,11.6242824312,24,11340900.0,0.001655,9853.0,0.00253,25
2016-11-30,34.8843736768,5,11417200.0,0.001666,15505.0,0.00076,7
2016-12-01,9.5975788846,6,11164200.0,0.001629,60747.0,0.00124,7
2016-12-02,15.2518765887,9,11102000.0,0.00162,29715.0,0.00124,11
2016-12-03,1.17075496515,6,10476300.0,0.001529,29495.0,0.00162,7
2016-12-04,11.7949517958,3,10904800.0,0.001592,8556.0,0.00081,4
2016-12-05,0.74531760168,7,10492900.0,0.001532,17747.0,0.0012,8
2016-12-06,978.863524419,32,10563300.0,0.001542,856036.0,0.00324,34
2016-12-07,188.973706043,39,18174700.0,0.002653,2369690.0,0.00616,41
2016-12-08,137.72632272,40,18831300.0,0.002749,1531460.0,0.00443,43
2016-12-09,711.449057673,77,16742000.0,0.002444,519467.0,0.00346,80
2016-12-10,1074.30529068,11,17721400.0,0.002587,481548.0,0.00314,13
2016-12-11,2591.96599456,17,15102000.0,0.002204,306783.0,0.00307,16
2016-12-12,101.376574991,13,16124600.0,0.002353,230324.0,0.00271,16
2016-12-13,233.655812267,27,15676100.0,0.002265,207838.0,0.00346,28
2016-12-14,13.204682082,6,14973400.0,0.002163,83790.0,0.00262,8
2016-12-15,885.123162103,15,14887800.0,0.002151,673328.0,0.00397,19
2016-12-16,217.618556921,13,19528800.0,0.002821,1241390.0,0.00473,16
2016-12-17,6328.06893741,30,21660900.0,0.003129,350471.0,0.00331,34
2016-12-18,7007.77800941,10,19186100.0,0.002772,142791.0,0.0029,12
2016-12-19,244.954084773,36,20078900.0,0.002901,125139.0,0.00395,40
2016-12-20,50.160457866,10,19847400.0,0.002867,130279.0,0.00233,14
2016-12-21,19.5642316107,9,19669400.0,0.002842,123212.0,0.00232,12
2016-12-22,24.9006959797,14,19549800.0,0.002824,195628.0,0.0023,16
2016-12-23,58.8487148395,16,19080200.0,0.002757,176957.0,0.00266,16
2016-12-24,43.3029563349,10,17850900.0,0.002579,53322.0,0.00148,12
2016-12-25,0.314425177356,4,18631500.0,0.002692,29175.0,0.00133,6
2016-12-26,2067.70784345,9,17843400.0,0.002578,23143.0,0.0017,11
2016-12-27,94.9014148172,568,18400800.0,0.002658,126849.0,0.00766,572
2016-12-28,109.392361341,1449,17665800.0,0.002552,66923.0,0.01612,1452
2016-12-29,24208.4022969,426,17370800.0,0.00251,144014.0,0.00702,428
2016-12-30,26.6413639831,8,17714100.0,0.002559,55768.0,0.00215,9
2016-12-31,880.674588681,11,17612200.0,0.002545,43346.0,0.00204,14
2017-01-01,67.9118727598,30,17052000.0,0.002464,39325.0,0.0014,33
2017-01-02,75.2558175047,24,17129800.0,0.002475,46380.0,0.00244,26
2017-01-03,86.3495118063,160,17295800.0,0.002499,39944.0,0.00356,163
2017-01-04,80.8909424613,354,17673500.0,0.002553,85385.0,0.00629,358
2017-01-05,107.43299247,36,18946300.0,0.002737,208399.0,0.00342,38
2017-01-06,177.855438583,47,18034100.0,0.002606,121804.0,0.00395,37
2017-01-07,108.09179061,20,17286000.0,0.002497,74459.0,0.00272,24
2017-01-08,439.756849283,20,16586000.0,0.002396,26202.0,0.00831,23
2017-01-09,64.7986952412,19,16313100.0,0.002357,36858.0,0.00212,18
2017-01-10,1665.21266959,53,16235200.0,0.002346,24044.0,0.00212,46
2017-01-11,152.372972778,15,16303000.0,0.002355,168734.0,0.00228,17
2017-01-12,49.1820147915,15,14396500.0,0.00208,196679.0,0.00287,18
2017-01-13,531.430910639,11,17021400.0,0.002459,88948.0,0.00263,13
2017-01-14,914.190984843,6,16461700.0,0.002378,65155.0,0.00293,9
2017-01-15,18.6335221914,17,17012400.0,0.002458,50895.0,0.00451,20
2017-01-16,198.949579649,30,16893600.0,0.002441,49556.0,0.00563,19
2017-01-17,135.816179575,14,16475800.0,0.00238,52442.0,0.00326,17
2017-01-18,7.04053421286,20,17624100.0,0.002546,133001.0,0.00515,22
2017-01-19,255.4458879,29,17233400.0,0.00249,136244.0,0.00559,24
2017-01-20,89.4953030646,11,16254400.0,0.002348,123512.0,0.00307,14
2017-01-21,8.30326562227,2,16411000.0,0.002371,71722.0,0.00419,4
2017-01-22,,,15888100.0,0.002295,60392.0,,
2017-01-23,,,16076200.0,0.002323,84697.0,,
2017-01-24,1468.23412977,243,16169000.0,0.002336,64052.0,0.00952,7
2017-01-25,3.54832857437,65,15465500.0,0.002234,95889.0,0.00354,50
2017-01-26,6.79575769136,104,14930300.0,0.002157,68879.0,0.0045,106
2017-01-27,35.7283792377,661,15602800.0,0.002254,106139.0,0.01267,646
2017-01-28,63.5803421048,897,15247000.0,0.002203,63589.0,0.01396,899
2017-01-29,112.016459156,1455,15175100.0,0.002192,31416.0,0.02104,1453
2017-01-30,990.944489129,1039,15399600.0,0.002225,168268.0,0.01374,1029
2017-01-31,51.6193304224,48,17008100.0,0.002457,154049.0,0.00542,51
2017-02-01,11.7052963294,169,16290400.0,0.002354,60079.0,0.00497,174
2017-02-02,17.5663588841,296,16351600.0,0.002362,82584.0,0.00722,298
2017-02-03,65.5865002171,305,16791800.0,0.002426,63775.0,0.00943,307
2017-02-04,224.86455971,295,16629700.0,0.002403,64988.0,0.00789,297
2017-02-05,23.4829293987,292,16589400.0,0.002397,82642.0,0.00834,296
2017-02-06,18.06745851,294,16273600.0,0.002351,61960.0,0.00464,298
2017-02-07,1444.61212717,310,16417800.0,0.002372,112816.0,0.00741,313
2017-02-08,955.464483997,298,16214400.0,0.002321,135615.0,0.00803,304
2017-02-09,3047.89585493,327,15679000.0,0.002244,132588.0,0.00808,333
2017-02-10,59.0346829584,297,15071000.0,0.002157,98448.0,0.01478,301
2017-02-11,29.7732288961,303,14961300.0,0.002141,63281.0,0.01315,305
2017-02-12,71.2103894387,297,14740700.0,0.00211,64662.0,0.01,298
2017-02-13,2336.95165646,305,14599700.0,0.002089,70642.0,0.01038,308
2017-02-14,27.5148030483,314,14458100.0,0.002069,63693.0,0.01147,306
2017-02-15,1111.04833725,434,14685800.0,0.002102,163475.0,0.01402,438
2017-02-16,96.6064117905,1092,15410300.0,0.002205,112630.0,0.01908,1096
2017-02-17,3454.69807059,905,14927100.0,0.002136,79792.0,0.0222,908
2017-02-18,200.965018424,301,14627300.0,0.002093,127180.0,0.01425,304
2017-02-19,60.6280269733,303,14126400.0,0.002022,65984.0,0.00987,306
2017-02-20,25.389215261,299,14122700.0,0.002021,62491.0,0.00807,301
2017-02-21,98.1291199765,313,14285900.0,0.002045,149743.0,0.01454,318
2017-02-22,28.067480895,291,14033800.0,0.002008,162748.0,0.01364,293
2017-02-23,24.721967556,301,14114800.0,0.00202,131865.0,0.01854,304
2017-02-24,43.9714883047,331,13485100.0,0.00193,186269.0,0.0155,334
2017-02-25,43.0446020784,311,13144800.0,0.001881,119102.0,0.01115,315
2017-02-26,1311.70145152,327,13139300.0,0.00188,149964.0,0.01137,330
2017-02-27,84.7976752715,317,13135300.0,0.00188,99411.0,0.01136,321
2017-02-28,79.6229803214,313,12408500.0,0.001776,73171.0,0.00682,317
2017-03-01,70.9634144747,316,12872900.0,0.001842,263991.0,0.01181,320
2017-03-02,25.3430512171,397,12094900.0,0.001731,443801.0,0.01768,400
2017-03-03,94.6819314713,576,12478800.0,0.001786,242064.0,0.02362,579
2017-03-04,33.0038163622,317,12401900.0,0.001775,104298.0,0.01016,320
2017-03-05,27.0690934798,304,12190200.0,0.001745,105342.0,0.00986,307
2017-03-06,80.4585003236,297,12099700.0,0.001732,192854.0,0.00878,300
2017-03-07,30.6190538114,297,13883900.0,0.001987,434802.0,0.0114,302
2017-03-08,21.7396231053,333,14024100.0,0.002007,310617.0,0.01745,338
2017-03-09,84.9678282849,352,12880500.0,0.001843,186214.0,0.0183,353
2017-03-10,21.3291352829,295,12464400.0,0.001784,344787.0,0.02203,299
2017-03-11,1594.51961188,325,12106000.0,0.001733,393229.0,0.01709,328
2017-03-12,2090.80424034,315,12548100.0,0.001796,352712.0,0.00751,318
2017-03-13,157.648590672,919,12990500.0,0.001859,667701.0,0.02607,922
2017-03-14,126.785632974,1754,13732800.0,0.001965,389076.0,0.02687,1758
2017-03-15,109.453202186,853,13401600.0,0.001918,482234.0,0.01914,857
2017-03-16,64.5581881333,451,13580400.0,0.001944,447895.0,0.01322,454
2017-03-17,146.609326107,447,13641400.0,0.001952,469909.0,0.01262,449
2017-03-18,192.895361298,449,13693700.0,0.00196,691703.0,0.02144,453
2017-03-19,393.435446859,463,13102600.0,0.001875,433766.0,0.0108,467
2017-03-20,412.859005935,650,13414400.0,0.00192,370907.0,0.01268,653
2017-03-21,6032.48874245,869,13835800.0,0.00198,619468.0,0.01892,874
2017-03-22,60.3890485371,864,15530800.0,0.002186,432155.0,0.01951,867
2017-03-23,117.200235229,876,14093500.0,0.001984,618716.0,0.01995,879
2017-03-24,186.968022095,879,16279800.0,0.002291,1801530.0,0.02324,882
2017-03-25,35642.0447826,866,15006300.0,0.002112,600309.0,0.02263,869
2017-03-26,37354.7916672,867,14275300.0,0.002009,632107.0,0.02606,871
2017-03-27,65.0949676339,862,14457100.0,0.002035,736513.0,0.02045,865
2017-03-28,716.937192614,877,13495400.0,0.001899,570028.0,0.02583,880
2017-03-29,72.9299254283,876,14605700.0,0.002056,653952.0,0.02995,881
2017-03-30,11325.4399034,892,14363300.0,0.002022,1959610.0,0.02574,896
2017-03-31,165.96980229,881,15866800.0,0.00227,3674930.0,0.02471,887
2017-04-01,201.964382491,874,16425600.0,0.002349,1708130.0,0.02843,878
2017-04-02,6245.09699575,896,18385800.0,0.002607,9856240.0,0.02651,900
2017-04-03,3842.76366337,1043,29039100.0,0.004118,7365010.0,0.02613,1049
2017-04-04,486.296693577,1981,22227000.0,0.003152,2078250.0,0.03828,1986
2017-04-05,703.157134429,2680,21195500.0,0.003006,2314330.0,0.05987,2685
2017-04-06,90962.4401574,2124,22141500.0,0.00314,1977700.0,0.04872,2126
2017-04-07,1823.02868679,806,19799100.0,0.002808,2167870.0,0.04657,815
2017-04-08,187.506501521,918,24869500.0,0.002746,1112600.0,0.05072,925
2017-04-09,535.837301898,832,26356300.0,0.00291,1153510.0,0.0764,839
2017-04-10,296.001951994,954,24924900.0,0.002752,584656.0,0.04265,933
2017-04-11,630.508598966,1263,25429600.0,0.002808,464053.0,0.07476,1222
2017-04-12,286.771759281,921,25068200.0,0.002768,1672850.0,0.0823,924
2017-04-13,184.723386701,892,28128200.0,0.003021,940308.0,0.0405,897
2017-04-14,150.607345241,885,28657400.0,0.003077,1618350.0,0.03632,892
2017-04-15,12312.13731,967,29154800.0,0.003129,997774.0,0.03477,971
2017-04-16,6994.23961549,899,31579100.0,0.003389,2437240.0,0.03956,905
2017-04-17,132.923023715,874,35001800.0,0.003757,2006350.0,0.05085,877
2017-04-18,213.774702532,929,33376300.0,0.003582,1311170.0,0.03253,934
2017-04-19,512.118987345,898,34749200.0,0.00373,1247360.0,0.0358,902
2017-04-20,342.076080687,887,33117900.0,0.003554,1480220.0,0.03714,892
2017-04-21,361.909113082,873,31349100.0,0.003365,832714.0,0.03153,879
2017-04-22,161.338286382,876,32279900.0,0.003465,562394.0,0.02841,880
2017-04-23,121.153691497,872,32460900.0,0.003484,455599.0,0.02971,875
2017-04-24,1075.52800466,967,32805200.0,0.003521,1869950.0,0.0355,972
2017-04-25,969.236061524,996,35863900.0,0.003849,964780.0,0.03348,1001
2017-04-26,729.160683942,802,35452800.0,0.003805,1690360.0,0.02872,726
2017-04-27,144.926089,880,35766700.0,0.003839,1146270.0,0.03487,882
2017-04-28,865.819756317,989,36998100.0,0.003971,3809910.0,0.04113,993
2017-04-29,72975.0774305,927,42227300.0,0.004532,3841410.0,0.06531,925
2017-04-30,5060.65027487,1007,46349100.0,0.004975,4071450.0,0.05567,1014
2017-05-01,7286.55086319,1501,45049600.0,0.004835,6020040.0,0.05869,1496
2017-05-02,1723.87596053,1294,48009000.0,0.005153,3915940.0,0.03186,1300
2017-05-03,4497.77123584,924,44873600.0,0.004816,3243780.0,0.02748,931
2017-05-04,3536.71676458,949,48432800.0,0.005198,9005050.0,0.03941,951
2017-05-05,6582.50743978,2349,61711300.0,0.006623,61331300.0,0.12547,2334
2017-05-06,8147.93556853,3996,100476000.0,0.010784,106770000.0,0.11154,4006
2017-05-07,125155.933193,4079,199520992.0,0.021414,280844992.0,0.32109,3934
2017-05-08,189715.447675,5481,403408992.0,0.043297,235720992.0,0.10393,5390
2017-05-09,386171.555989,4529,378440000.0,0.039671,102791000.0,0.08051,4523
2017-05-10,21843.3594376,4093,271140000.0,0.028423,56635600.0,0.07878,4093
2017-05-11,21971.1970325,3267,296424992.0,0.031073,78875504.0,0.07535,3263
2017-05-12,93997.5847838,4269,355144000.0,0.037228,82480400.0,0.08096,4271
2017-05-13,49942.0745231,7814,381236992.0,0.039963,38550000.0,0.10848,7812
2017-05-14,32189.5993059,3905,357571008.0,0.037482,24580000.0,0.06231,3906
2017-05-15,20118.6323101,4221,368128000.0,0.038589,45247300.0,0.0649,4219
2017-05-16,61196.0417637,3770,414824000.0,0.043404,88963696.0,0.07512,3738
2017-05-17,586706.9341,4392,477352000.0,0.049946,62153000.0,0.09986,4379
2017-05-18,99512.3358889,5550,459646016.0,0.048089,32403600.0,0.11117,5553
2017-05-19,91913.2495882,5624,442620992.0,0.046302,43101100.0,0.11245,5617
2017-05-20,6740.28182714,2860,474052992.0,0.049562,28521900.0,0.05082,2863
2017-05-21,17838.7447246,3013,516464000.0,0.053996,68217904.0,0.0644,3020
2017-05-22,13050.0425934,2563,602024000.0,0.062549,51927100.0,0.05322,2571
2017-05-23,31980.1711065,2904,492950016.0,0.051216,27316000.0,0.05363,2908
2017-05-24,102143.336236,3179,533256992.0,0.055403,33639600.0,0.06699,3176
2017-05-25,23621.5040463,1868,490216992.0,0.050931,38523600.0,0.05575,1858
2017-05-26,30145.9327901,2467,380046016.0,0.039485,29999000.0,0.06222,2468
2017-05-27,75045.792779,1909,392052000.0,0.040732,34650400.0,0.05411,1914
2017-05-28,5392.91155531,2956,319531008.0,0.033198,22760700.0,0.0792,2958
2017-05-29,9818.53986016,3605,341020000.0,0.035289,14856200.0,0.12872,3612
2017-05-30,172522.860809,4271,355172992.0,0.036753,15039500.0,0.13654,4253
2017-05-31,73002.124684,3568,297640992.0,0.0308,20809500.0,0.10718,3573
2017-06-01,59304.5759245,7199,332673984.0,0.034424,46517700.0,0.15143,6939
2017-06-02,19397.8464574,6059,417433984.0,0.043191,15282100.0,0.11031,6054
2017-06-03,17523.9068983,3511,387003008.0,0.040042,14987500.0,0.08278,3503
2017-06-04,10488.4288198,3694,376823008.0,0.038989,11654400.0,0.06319,3700
2017-06-05,14471.9713867,2687,384980992.0,0.039833,16897100.0,0.04948,2685
2017-06-06,9028.36367616,2097,401239008.0,0.041515,27300600.0,0.05592,2090
2017-06-07,8897.42662251,1259,439598016.0,0.045483,50180500.0,0.05505,1264
2017-06-08,8157.00677182,1120,452663008.0,0.046835,69077400.0,0.06718,1117
2017-06-09,37564.8652802,1106,486440000.0,0.05033,27987400.0,0.04069,1109
2017-06-10,4787.75690675,1132,457775008.0,0.047365,22225600.0,0.0359,1135
2017-06-11,4008.97833111,1046,413185984.0,0.042751,18273600.0,0.0282,1051
2017-06-12,69765.9901094,425,442903008.0,0.045825,14843000.0,0.02899,431
2017-06-13,20432.4883463,99,383584000.0,0.039688,14126100.0,0.03421,94
2017-06-14,3294.51878961,57,405019008.0,0.041905,16478300.0,0.03417,61
2017-06-15,2476.55225587,60,386545984.0,0.039994,13021600.0,0.02612,60
2017-06-16,4420.27038384,58,362124000.0,0.037467,7608740.0,0.02197,58
2017-06-17,3569.00558833,66,362692992.0,0.037526,9302020.0,0.02222,70
2017-06-18,56772.3821383,43,378259008.0,0.039137,6462560.0,0.01837,47
2017-06-19,3200884.67386,61,370272992.0,0.03831,10118500.0,0.01841,63
2017-06-20,21327.8929783,58,393419008.0,0.040357,22146100.0,0.03414,63
2017-06-21,3978.60805628,73,383822016.0,0.039372,8606140.0,0.03246,70
2017-06-22,5219.84635674,55,373535168.0,0.038317,7197940.0,0.03006,55
2017-06-23,1484.75285872,58,376716800.0,0.038643,7804070.0,0.0287,62
2017-06-24,40001.5466254,53,394317280.0,0.040449,6225160.0,0.01763,53
2017-06-25,1796.23293344,39,371411040.0,0.038099,14106200.0,0.02227,40
2017-06-26,17026.2234501,39,326125536.0,0.033454,16853100.0,0.04003,39
2017-06-27,7613215.71387,3355,294588384.0,0.030218,16402100.0,0.0808811,842
2017-06-28,34750083.2356,4996,291559712.0,0.029205,17106400.0,1.55457,1251
2017-06-29,1234052.92015,2795,323761536.0,0.031839,10598500.0,0.0697,630
2017-06-30,2976988.33834,1391,296281888.0,0.029028,7756010.0,0.04568,323
2017-07-01,1427525.21985,1259,277895072.0,0.026959,9301920.0,0.05409,368
2017-07-02,515056.68448,1182,253559120.0,0.024477,11857600.0,0.0466011,210
2017-07-03,1006080.09036,651,266526576.0,0.025696,7572990.0,0.03591,209
2017-07-04,234283.574055,549,272442688.0,0.026169,6393470.0,0.03457,170
2017-07-05,792186.869572,595,267599616.0,0.025681,3517740.0,0.03165,168
2017-07-06,184186.939694,477,266509072.0,0.025502,3682330.0,0.03556,199
2017-07-07,2819110.70716,586,266471792.0,0.025482,8666130.0,0.052,177
2017-07-08,203151.187043,468,215351952.0,0.020423,10411800.0,0.04045,176
2017-07-09,270100.036912,958,228280592.0,0.021628,4104420.0,0.04224,339
2017-07-10,493164.267942,475,206558800.0,0.019547,10800400.0,0.03676,169
2017-07-11,296817.410544,261,157375120.0,0.014858,17042700.0,0.23419,102
2017-07-12,75363.9568987,200,151964608.0,0.014322,16361500.0,0.04091,79
2017-07-13,371698.934207,332,193139104.0,0.018142,28951100.0,0.0353,152
2017-07-14,190819.183492,1614,185269456.0,0.017373,12282200.0,0.07751,104
2017-07-15,46418.0656549,296,173411296.0,0.016244,20287200.0,0.03192,89
2017-07-16,84949.205741,357,187684000.0,0.017577,23584100.0,0.0569629,212
2017-07-17,385402.155107,514,165681888.0,0.015511,11344300.0,0.03222,227
2017-07-18,180742.199139,358,200557296.0,0.018731,9243940.0,0.02605,250
2017-07-19,358617.682917,1446,201165616.0,0.018771,6628620.0,0.04069,227
2017-07-20,36540.2656367,299,186132848.0,0.017338,11307300.0,0.03107,237
2017-07-21,85044.4602831,266,203944928.0,0.018994,9737820.0,0.02853,207
2017-07-22,42749.0191609,292,206135728.0,0.019178,16277000.0,0.03309,226
2017-07-23,80080.2082958,446,246288944.0,0.022909,10264600.0,0.03027,208
2017-07-24,90784.4211302,433,233061072.0,0.021672,6419140.0,0.04544,238
2017-07-25,253978.089937,598,243310592.0,0.022616,11337500.0,0.0468,298
2017-07-26,51642.1963005,639,200070864.0,0.018577,7069110.0,0.03235,292
2017-07-27,48213.0593542,348,203989616.0,0.018937,4931040.0,0.02456,231
2017-07-28,107224.378052,568,198465584.0,0.01842,8881060.0,0.02786,285
2017-07-29,37636.1214778,497,182498512.0,0.01693,4313590.0,0.02837,249
2017-07-30,85987.5811718,536,188600912.0,0.017492,3890430.0,0.03381,238
2017-07-31,597802.486157,574,171434016.0,0.015894,4522640.0,0.03026,242
2017-08-01,71334.7751355,612,174282480.0,0.016102,7577370.0,0.03865,262
2017-08-02,213489.66197,607,193885392.0,0.017906,8405370.0,0.03684,300
2017-08-03,124347.347363,691,198503424.0,0.018313,3565840.0,0.04735,289
2017-08-04,91952.5026717,510,206287840.0,0.018846,14348900.0,0.0426,269
2017-08-05,88339.1157579,624,249620480.0,0.0228,28582700.0,0.08285,267
2017-08-06,128919.234453,608,261044336.0,0.023835,11789300.0,0.0621903,316
2017-08-07,160865.530544,703,248694960.0,0.022697,10141400.0,0.0577808,288
2017-08-08,903808.190663,497,244456544.0,0.0223,8748670.0,0.04717,260
2017-08-09,194156.438518,679,261956592.0,0.023813,9943390.0,0.05499,274
2017-08-10,153868.45892,1718,253129408.0,0.022993,5144750.0,0.04589,302
2017-08-11,91464.40198,2875,241678736.0,0.02194,6968740.0,0.06364,218
2017-08-12,71460.3113294,1400,235812624.0,0.0214,8536080.0,0.05703,224
2017-08-13,123644.962476,375,223032880.0,0.020234,18070400.0,0.0906,280
2017-08-14,67802.5688282,413,201960000.0,0.018313,9974570.0,0.05789,263
2017-08-15,134621.233803,433,194212480.0,0.017605,15330000.0,0.07674,237
2017-08-16,30906.0259399,203,191836816.0,0.017377,8427430.0,0.05253,88
2017-08-17,33171.1899,183,195588160.0,0.017715,7228100.0,0.04807,71
2017-08-18,43100.6759982,346,191460560.0,0.017326,4253200.0,0.03463,64
2017-08-19,534487.477675,129,186373648.0,0.016862,4290190.0,0.03679,103
2017-08-20,63505.8247901,168,182686608.0,0.016481,7276760.0,0.03847,132
2017-08-21,958048.081741,211,195916048.0,0.017669,9391270.0,0.0533,113
2017-08-22,350925.184434,293,219049872.0,0.01966,18062400.0,0.06997,130
2017-08-23,262316.29459,422,239478544.0,0.021459,25240300.0,0.0716,239
2017-08-24,165809.543654,556,228611088.0,0.020465,9530830.0,0.12465,296
2017-08-25,4137422.13383,1096,212806160.0,0.019036,6734260.0,0.06293,335
2017-08-26,1459605.11567,1720,232705904.0,0.020325,6739770.0,0.0673,443
2017-08-27,680408.155482,2223,243159808.0,0.02112,4308080.0,0.06889,466
2017-08-28,692871.032011,3145,229305024.0,0.019862,6305440.0,0.07845,236
2017-08-29,3554.80474453,170,237355248.0,0.020497,5990490.0,0.05334,175
2017-08-30,780.117742172,170,232391856.0,0.020056,5836630.0,2.05033,175
2017-08-31,570.031700467,165,245571568.0,0.021194,5039660.0,2.06797,170
2017-09-01,2821.85826179,181,370516608.0,0.022338,8806440.0,0.10296,185
2017-09-02,6245.28760434,180,399054368.0,0.024058,6551880.0,0.06544,183
2017-09-03,3769.10191802,172,345214976.0,0.020813,2524130.0,0.02951,176
2017-09-04,6330.1571313,184,353460832.0,0.02131,6341980.0,0.04344,182
2017-09-05,4229.00276383,183,296191424.0,0.017857,5204660.0,0.04317,184
2017-09-06,1843.81017593,174,308181824.0,0.01858,4741770.0,0.05281,176
2017-09-07,8166.73516069,164,337593184.0,0.020353,3784650.0,0.03245,168
2017-09-08,205574.687251,176,332705792.0,0.020058,5110680.0,0.04028,176
2017-09-09,7131.90026867,176,290623072.0,0.017521,2461230.0,0.03339,178
2017-09-10,10250.2135575,166,283784608.0,0.017109,3452690.0,0.02984,169
2017-09-11,11549.4403186,180,269966048.0,0.016276,3903590.0,0.02407,184
2017-09-12,5074.65753094,168,282216384.0,0.017014,3189200.0,0.02248,173
2017-09-13,2512.85729063,163,268669696.0,0.016198,2671500.0,0.02347,168
2017-09-14,8353.11600621,163,254686096.0,0.015355,4609450.0,0.03427,166
2017-09-15,7533.24845112,177,184600528.0,0.011129,11877600.0,0.07703,178
2017-09-16,7113.81825288,160,199831376.0,0.012047,3639010.0,0.03814,165
2017-09-17,443.749275756,159,194242320.0,0.01171,2253630.0,0.03348,163
2017-09-18,2603.38944143,175,185333744.0,0.011173,4635400.0,0.04066,181
2017-09-19,3033.3813658,177,223137776.0,0.013453,3583140.0,0.03423,179
2017-09-20,2187.19589481,170,195421232.0,0.011781,2522500.0,0.03152,174
2017-09-21,3554.25123845,162,200774960.0,0.012104,2524650.0,0.03007,166
2017-09-22,8423.81104341,188,177458464.0,0.010699,1825510.0,0.03558,172
2017-09-23,102.384372306,159,178393872.0,0.010755,2032830.0,0.06093,161
2017-09-24,753.182893403,157,197631136.0,0.011915,1065700.0,0.05965,161
2017-09-25,2735.68073716,179,191597392.0,0.011551,2426680.0,0.0756,181
2017-09-26,724925.638169,184,200327424.0,0.012077,2222670.0,0.09033,181
2017-09-27,740768.433123,192,204007776.0,0.012299,5645900.0,0.11183,194
2017-09-28,1420.14427128,239,237469392.0,0.014316,2978100.0,0.08592,234
2017-09-29,33558.2511711,245,229178112.0,0.013816,1967140.0,0.08211,199
2017-09-30,1233.47612939,164,218326736.0,0.013162,1668730.0,0.06123,165
2017-10-01,384.329734015,158,229127568.0,0.013813,1534340.0,0.07483,159
2017-10-02,2744425.05071,222,227204096.0,0.013697,2362700.0,0.08023,178
2017-10-03,302.283266336,304,214765200.0,0.012947,2577540.0,0.10168,205
2017-10-04,719.284984076,334,206832784.0,0.012469,1670080.0,0.07862,199
2017-10-05,21119.5935944,248,197067744.0,0.011881,9616220.0,0.12314,214
2017-10-06,37111.802439,330,243125232.0,0.014657,24002100.0,0.16072,244
2017-10-07,11716.1284458,225,305921856.0,0.018443,56853100.0,0.21698,226
2017-10-08,16385.3891172,188,343217504.0,0.020691,23922100.0,0.16613,191
2017-10-09,23920.7476507,223,311848384.0,0.0188,29343800.0,0.24015,214
2017-10-10,597.868309345,234,289284000.0,0.01744,11082800.0,0.30648,198
2017-10-11,6626.37351865,318,313003808.0,0.01887,12189100.0,0.29832,218
2017-10-12,2810.46293359,230,323428128.0,0.019498,14626800.0,0.65524,217
2017-10-13,1550.83769984,211,292768096.0,0.01765,10486000.0,0.80837,185
2017-10-14,7285.67480289,172,298860672.0,0.018017,5671720.0,0.02601,175
2017-10-15,1584.9850112,181,286808704.0,0.017291,9059430.0,0.02762,182
2017-10-16,319442.660447,903,313995008.0,0.018929,291627008.0,0.14917,795
2017-10-17,128923.220914,742,605628608.0,0.036511,146372000.0,0.08283,714
2017-10-18,46174.3407226,415,759890304.0,0.04581,66483500.0,0.0528,346
2017-10-19,46499.9369163,160,583491712.0,0.035176,41683000.0,0.0427,138
2017-10-20,4127.31667071,128,518303040.0,0.031246,35088200.0,0.03817,111
2017-10-21,31619.7884418,132,453565472.0,0.027343,60801200.0,0.04194,117
2017-10-22,4803.54528081,143,605233344.0,0.036487,56070400.0,0.05024,139
2017-10-23,20568.2468117,183,517635008.0,0.031206,43494400.0,0.04154,153
2017-10-24,25019.8156002,283,571713920.0,0.034466,73178896.0,0.04957,241
2017-10-25,3225.6897097,149,604353600.0,0.036433,35434500.0,0.03352,131
2017-10-26,50415.8580154,165,584651136.0,0.035246,23633200.0,0.037,124
2017-10-27,6557.44074873,77,575270848.0,0.03468,15974900.0,0.02321,67
2017-10-28,29037.0342797,137,568695168.0,0.034284,8887170.0,0.0306,102
2017-10-29,10244.9153855,116,515949376.0,0.031104,22646700.0,0.05425,98
2017-10-30,25390.3022262,122,509766560.0,0.030731,14186100.0,0.04525,92
2017-10-31,19238.7693219,202,524276576.0,0.031606,16918000.0,0.03859,192
2017-11-01,30164.3931406,263,487471296.0,0.029387,14361700.0,0.04375,258
2017-11-02,19178.6880565,159,448292992.0,0.027025,34417400.0,0.0858,155
2017-11-03,38876.1559813,80,456145760.0,0.027498,18470900.0,0.07484,83
2017-11-04,1757.92846919,52,461640320.0,0.027829,10822300.0,0.04195,57
2017-11-05,10415.1172782,72,451931968.0,0.027244,8898200.0,0.03918,55
2017-11-06,25287.4643091,67,442813120.0,0.026694,12830800.0,0.02238,53
2017-11-07,70615.0681133,83,478973856.0,0.028874,30855800.0,0.08619,86
2017-11-08,7843.10644544,75,508548576.0,0.030657,39618700.0,0.07428,83
2017-11-09,43833.1002137,153,560544640.0,0.033792,32813200.0,0.09061,132
2017-11-10,6497.46853766,107,660766912.0,0.039833,32634200.0,0.06879,87
2017-11-11,5750.77700639,69,548786816.0,0.033083,17914400.0,0.05407,64
2017-11-12,4038.36578161,61,546827072.0,0.032965,17002300.0,0.06276,58
2017-11-13,8993.85376825,95,466386368.0,0.028115,11245700.0,0.04983,97
2017-11-14,3228.94523836,136,507760736.0,0.030609,18880900.0,0.06799,106
2017-11-15,15050.1897944,151,604993152.0,0.036471,28206500.0,0.06372,113
2017-11-16,3560.3945355,110,655235072.0,0.036987,20597200.0,0.05429,105
2017-11-17,4531.36754316,125,658006272.0,0.037144,11612900.0,0.05568,114
2017-11-18,17812.9683883,87,628776448.0,0.035494,6979350.0,0.03703,72
2017-11-19,67381.0221237,88,646280832.0,0.036482,17796700.0,0.07696,89
2017-11-20,24841.4476953,122,648714880.0,0.036619,13726200.0,0.05002,109
2017-11-21,17789.7781909,144,675366720.0,0.038127,9113270.0,0.05906,122
2017-11-22,28965.3483111,264,667260928.0,0.037669,13859400.0,0.06791,169
2017-11-23,231050.797627,5023,755911168.0,0.042674,22012000.0,0.20481,288
2017-11-24,80056.6578004,151,716292672.0,0.040437,11277900.0,0.09108,129
2017-11-25,29387.0515113,166,713514752.0,0.04028,10488700.0,0.04227,136
2017-11-26,115280.166216,241,775201024.0,0.043762,30583700.0,0.06188,208
2017-11-27,28974.6964517,1017,865596864.0,0.048866,45702000.0,0.10498,288
2017-11-28,138396.269731,8557,1007510528.0,0.056877,142588992.0,0.34068,476
2017-11-29,391525.22075,6915,1453634944.0,0.081939,232135008.0,0.37808,908
2017-11-30,91398.8502961,9615,1164428800.0,0.065554,66684900.0,0.31058,441
2017-12-01,153050.903294,8839,1282136704.0,0.072181,102074000.0,0.33252,493
2017-12-02,97034.4910856,10320,1601924864.0,0.090184,82791104.0,0.31612,579
2017-12-03,99538.8369894,10511,1661388544.0,0.093531,55809800.0,0.29939,392
2017-12-04,332506.416316,11403,1589539840.0,0.089487,37476600.0,0.30028,425
2017-12-05,105582.256575,12317,1727269632.0,0.09724,152740992.0,0.38711,1061
2017-12-06,327711.068072,12269,2164041728.0,0.121563,384659008.0,0.46341,1988
2017-12-07,421760.024249,10020,2734305536.0,0.153297,312352992.0,0.45535,1950
2017-12-08,330586.863456,10000,2459444480.0,0.137887,188452000.0,0.3784,1233
2017-12-09,116481.774416,7734,2503309568.0,0.140346,102117000.0,0.26339,1340
2017-12-10,220313.66611,13506,2462458368.0,0.138053,91047600.0,0.36933,700
2017-12-11,394788.499984,16261,2109304448.0,0.118252,117548000.0,0.41241,485
2017-12-12,784971.242961,20672,2555096064.0,0.143231,135847008.0,0.48254,686
2017-12-13,824116.546025,20987,2765104640.0,0.154966,107122000.0,0.46441,561
2017-12-14,441095.444908,16796,2656894976.0,0.148829,281635008.0,0.51314,698
2017-12-15,534318.71182,16985,3544825088.0,0.198565,260228992.0,0.55238,979
2017-12-16,605588.388044,16735,3500485120.0,0.196077,234172992.0,0.50441,723
2017-12-17,950565.264278,13515,4189512192.0,0.234672,423360992.0,0.5696,1036
2017-12-18,461645.361958,1649,4876759552.0,0.273167,201720992.0,0.26145,855
2017-12-19,863484.027268,1438,4927633408.0,0.276017,212548992.0,0.23309,942
2017-12-20,600675.622145,1066,4729211392.0,0.264813,250599008.0,0.2243,749
2017-12-21,353018.062235,1341,4516351488.0,0.252894,199122000.0,0.20137,1020
2017-12-22,949389.856293,1021,4616602624.0,0.258506,229459008.0,0.229982,766
2017-12-23,290528.643264,626,3943442688.0,0.220812,116122000.0,0.15304,485
2017-12-24,220457.952673,523,4228848128.0,0.236793,71071600.0,0.10579,418
2017-12-25,216256.417194,447,4045703424.0,0.226538,71737296.0,0.09401,347
2017-12-26,245636.357441,581,4083397120.0,0.228649,96759296.0,1.2321,310
2017-12-27,2963783.09652,461,4040785664.0,0.226261,78509400.0,0.12415,350
2017-12-28,244206.818828,458,4068659200.0,0.227821,75925400.0,0.11465,364
2017-12-29,1018914.35253,917,3996446464.0,0.223778,387880000.0,0.21046,616
2017-12-30,1167873.30903,1291,5651878400.0,0.316473,537916032.0,0.33872,932
2017-12-31,569667.661238,780,5676400128.0,0.317846,183768000.0,0.20102,545
2018-01-01,1008193.97934,1430,6436761600.0,0.360422,669372032.0,0.34826,990
2018-01-02,1321223.32916,2207,8873698304.0,0.496876,676667008.0,0.42066,1583
2018-01-03,2763602.13494,5228,10059814912.0,0.56272,1513270016.0,3.13079,4234
2018-01-04,6331714.22115,6476,15953612800.0,0.892399,892268032.0,0.71592,5213
2018-01-05,2065500.16078,5614,13219446784.0,0.739457,727409024.0,0.51715,4967
2018-01-06,1292793.63164,2608,11854045184.0,0.66306,440182016.0,0.36585,2012
2018-01-07,1779731.79277,2608,12688414720.0,0.70973,347556992.0,0.39795,2091
2018-01-08,1708914.30293,2515,12442132480.0,0.695952,249426000.0,0.4127874,1936
2018-01-09,1396110.15275,2378,11229073408.0,0.628026,208330000.0,0.506425,1843
2018-01-10,1366037.78838,1887,10523624448.0,0.588565,249019008.0,0.4269,1407
2018-01-11,724181.451929,1561,10084361216.0,0.56369,330878016.0,0.51345,1129
2018-01-12,865440.420013,2212,9998074880.0,0.558864,394376000.0,0.59966,1438
2018-01-13,1622946.19736,6083,12198449152.0,0.681853,189183008.0,0.55461,5147
2018-01-14,828771.542733,1618,12025890816.0,0.672198,116460000.0,0.44726,1117
2018-01-15,1415097.25324,1869,11190581248.0,0.625504,345561984.0,0.57759,1460
2018-01-16,1089645.48243,1494,10736434176.0,0.600117,466139008.0,0.9534,1083
2018-01-17,560534.382097,1475,7906717696.0,0.441944,486788992.0,0.8498,1017
2018-01-18,1123458.81481,2166,8579038720.0,0.479522,472047008.0,1.216925,1538
2018-01-19,862668.231484,1701,9005684736.0,0.503367,207275008.0,1.10745,1270
2018-01-20,443038.918071,1427,9123476480.0,0.50995,204012992.0,0.82705,1059
2018-01-21,585285.672738,1045,9560803328.0,0.534347,161687008.0,0.87635,795
2018-01-22,324622.898363,1060,8336145408.0,0.465901,442542016.0,0.94652,839
2018-01-23,349650.415014,919,8487839744.0,0.475039,207031008.0,0.96796,695
2018-01-24,509034.363214,1059,8693048320.0,0.486517,669318976.0,1.39117,787
2018-01-25,1285749.03479,1819,10146550784.0,0.567863,627336000.0,0.931,1495
2018-01-26,685482.369193,1660,10759449600.0,0.602163,787644032.0,0.84478,1407
2018-01-27,524507.109229,1268,11283585024.0,0.631495,216912992.0,0.60959,977
2018-01-28,631720.081177,1014,11005221888.0,0.615916,194610000.0,0.5587301,719
2018-01-29,390932.754075,1178,11303375872.0,0.632602,118507000.0,0.59937,947
2018-01-30,408874.865921,1128,10557114368.0,0.590831,178892992.0,0.94721,888
2018-01-31,211566.769464,683,8732984320.0,0.488731,288692992.0,0.76435,551
2018-02-01,409952.775486,832,9967476736.0,0.540834,172407008.0,0.74675,659
2018-02-02,175342.146758,565,8387821056.0,0.455087,396784000.0,0.98253,450
2018-02-03,181585.145311,380,7482160128.0,0.40595,282348992.0,0.76868,325
2018-02-04,266754.692039,374,7851159040.0,0.42597,231808000.0,0.74608,317
2018-02-05,211650.42135,1070,7064586752.0,0.383191,339507008.0,0.83173,394
2018-02-06,183726.174379,5049,6208172032.0,0.336738,518084992.0,0.98559,990
2018-02-07,232370.568604,7252,6800611840.0,0.368956,188328000.0,0.8317,1099
2018-02-08,180388.084895,1541,6357805568.0,0.34493,121448000.0,0.56025,377
2018-02-09,118348.971628,583,6648692736.0,0.360711,144231008.0,0.61264,516
2018-02-10,112727.549522,665,7344118272.0,0.39844,227551008.0,0.6235,533
2018-02-11,157576.009882,752,7494819840.0,0.406615,85791696.0,0.70028,581
2018-02-12,216622.068009,791,6897001984.0,0.374181,61140000.0,0.78036,646
2018-02-13,736464.494174,945,7306905088.0,0.396419,196175008.0,1.04594,779
2018-02-14,133211.626714,1190,7554983936.0,0.409872,192628992.0,2.45011,1115
2018-02-15,208590.597082,1502,8334662656.0,0.452048,106142000.0,3.9941,1399
2018-02-16,83175.1186255,943,8330002432.0,0.451796,53289200.0,7.39195,833
2018-02-17,201379.617875,882,8390983680.0,0.455103,104733000.0,2.02377,396
2018-02-18,148007.190185,380,8847356928.0,0.479855,74452000.0,0.63256,309
2018-02-19,195645.492928,424,8318461952.0,0.450437,57015400.0,0.6666,361
2018-02-20,317860.112431,499,8362942976.0,0.452845,104842000.0,0.7702,391
2018-02-21,64595.3658753,424,7381916672.0,0.399718,132189000.0,0.68687,348
2018-02-22,872090.237711,467,7274300416.0,0.393891,69561104.0,0.64956,397
2018-02-23,2737769.88602,488,6724763136.0,0.364134,56829000.0,0.63671,423
2018-02-24,183128.811297,679,7067393536.0,0.382687,34738100.0,0.56019,594
2018-02-25,112505.950655,317,6547758080.0,0.354549,42268800.0,0.53486,275
2018-02-26,112833.643045,423,6624165376.0,0.358687,42535600.0,0.5843101,349
2018-02-27,181593.962868,783,6733955072.0,0.364632,38136100.0,0.82131,604
2018-02-28,120806.676066,762,6656078336.0,0.36041,38961000.0,1.48373,594
2018-03-01,71997.7215594,797,6170521600.0,0.334118,46631800.0,2.39888,573
2018-03-02,71930.5482984,556,6254988288.0,0.338691,38378100.0,3.05709,453
2018-03-03,51885.216868,438,5891716608.0,0.319021,52827100.0,2.57969,349
2018-03-04,132369.035604,459,6538285056.0,0.354031,99892704.0,3.34332,384
2018-03-05,213835.212869,555,6718271488.0,0.363777,98523696.0,4.0499,455
2018-03-06,256413.508275,674,6496222208.0,0.351753,44141000.0,4.50038,582
2018-03-07,339145.672975,566,6238882816.0,0.337814,62389100.0,4.30734,488
2018-03-08,102655.920353,530,6091738112.0,0.329847,47233100.0,4.19552,456
2018-03-09,114890.587149,623,5757393408.0,0.311237,56838800.0,3.63449,437
2018-03-10,68440.1685419,534,5838434816.0,0.315618,21963200.0,4.1067901,450
2018-03-11,24777.0237744,692,5399089152.0,0.291868,26023900.0,4.93228,617
2018-03-12,185148.078275,757,5629094400.0,0.304301,29443200.0,4.19884,646
2018-03-13,109331.342116,604,5367346688.0,0.290151,24814700.0,4.48118,500
2018-03-14,48293.0469727,613,5398848000.0,0.29185,49138300.0,3.99982,493
2018-03-15,53269.9859064,504,4603470336.0,0.248854,54358800.0,4.57247,398
2018-03-16,94637.2707071,398,4457952768.0,0.240988,23756700.0,4.367221,292
2018-03-17,55690.4594917,264,4259822848.0,0.230277,33001800.0,3.9016445,210
2018-03-18,94746.0982787,317,3818303488.0,0.206409,91400496.0,5.2707002,227
2018-03-19,439925.286368,394,4113520640.0,0.222368,93820800.0,4.95595,324
2018-03-20,176865.745826,506,4624530944.0,0.249992,88101600.0,5.07132,413
2018-03-21,56469.8221491,704,5020634624.0,0.27067,93970496.0,4.16458,505
2018-03-22,392134.505086,657,4733125120.0,0.25517,53777200.0,3.04338,539
2018-03-23,101559.907876,595,4507255808.0,0.242993,49937100.0,2.46474,518
2018-03-24,25456.6963264,520,4409909760.0,0.237745,37806800.0,1.1310445,476
2018-03-25,94015.2819432,625,4323057664.0,0.233062,31527600.0,2.5115416,531
2018-03-26,80947.8600437,767,4437985280.0,0.239258,44406300.0,4.0521944,650
2018-03-27,31349.9632041,520,4239961344.0,0.228565,37693300.0,5.2740665,436
2018-03-28,187081.43179,398,4004872704.0,0.215889,21717600.0,4.4957722,343
2018-03-29,94903.416805,638,4066780160.0,0.219226,44352600.0,3.35902,558
2018-03-30,23433.6738806,630,3535400448.0,0.190582,37767000.0,3.9011266,484
2018-03-31,54777.9668526,435,3506779392.0,0.189039,82895904.0,2.8602344,387
2018-04-01,24351.2799679,867,3853388032.0,0.207723,43075500.0,2.863121,817
2018-04-02,71302.2208327,718,3842397952.0,0.207131,70195696.0,3.1547428,666
2018-04-03,160283.338928,757,4192290048.0,0.225992,76510096.0,3.9920987,567
2018-04-04,107605.718676,1292,4335888896.0,0.233729,58482100.0,4.1202129,1122
2018-04-05,48393.6098589,726,3842332928.0,0.207124,46694000.0,4.0164719,639
2018-04-06,24943.2551497,853,3669017344.0,0.197781,30056300.0,4.5042207,765
2018-04-07,121974.501246,596,3590474496.0,0.193547,27242100.0,4.50835,543
2018-04-08,10991.453896,494,3743894016.0,0.201817,18973800.0,2.65058,446
2018-04-09,188580.586422,828,3834817024.0,0.206718,36684300.0,3.81088,595
2018-04-10,77700.0005971,769,3662774784.0,0.197444,26841200.0,3.2324,741
2018-04-11,19994.2345409,418,3701455872.0,0.199526,40041100.0,3.75454,377
2018-04-12,75168.7411197,406,3919099136.0,0.211258,103292000.0,4.0105393,367
2018-04-13,75264.8761114,415,4474923008.0,0.241112,112587000.0,4.1949273,395
2018-04-14,87652.9960648,535,4553401344.0,0.245338,44754800.0,3.7587734,463
2018-04-15,59637.4557975,591,4658086400.0,0.250979,129731000.0,2.770538,563
2018-04-16,326072.322835,1425,5386701312.0,0.290237,90408600.0,4.7669564,1405
2018-04-17,108524.03701,874,5284828672.0,0.284747,112255000.0,4.9255303,818
2018-04-18,155794.718948,411,5576721920.0,0.300338,158384992.0,4.85592,351
2018-04-19,173405.504713,528,6586846720.0,0.354726,171820000.0,4.89407,427
2018-04-20,74698.0524751,374,6806569472.0,0.366551,170282000.0,5.2748789,313
2018-04-21,202357.136709,350,7270256640.0,0.391513,119787000.0,5.9991566,317
2018-04-22,91540.6681422,308,6967459840.0,0.375207,64261400.0,5.9473825,253
2018-04-23,68881.0206321,516,6832155136.0,0.367921,57282000.0,5.7074353,396
2018-04-24,85230.91341,509,6919626240.0,0.372631,120285000.0,6.8204236,440
2018-04-25,81058.9596213,585,7389129216.0,0.397897,130724000.0,7.1417091,541
2018-04-26,103466.868565,1158,6340977152.0,0.341455,152903008.0,6.3869405,546
2018-04-27,162906.900916,3240,7176437760.0,0.386439,177676992.0,3.14403,1996
2018-04-28,145531.794274,1693,7251031040.0,0.390447,105747000.0,3.10568,1095
2018-04-29,75177.4717705,892,7984597504.0,0.429945,156688992.0,3.1895314,455
2018-04-30,90878.1489672,1365,8518426624.0,0.458688,81453296.0,6.0745507,554
2018-05-01,132207.239247,3673,7908682240.0,0.425853,152906000.0,6.7697,3144
2018-05-02,165123.484239,1861,8153700352.0,0.439037,68610896.0,6.1970591,1448
2018-05-03,117801.653328,884,8153358336.0,0.439016,83481296.0,5.7196036,593
2018-05-04,96034.9666846,746,8138849792.0,0.438234,51379800.0,6.00191,493
2018-05-05,72316.7239109,1448,8008539136.0,0.431216,44096200.0,4.79848,1215
2018-05-06,160125.767321,1550,7992242688.0,0.430338,43793500.0,4.96043,1331
2018-05-07,166513.845095,687,7682610688.0,0.413665,48023200.0,4.1754481,304
2018-05-08,157816.740854,993,7365117440.0,0.396568,50210900.0,3.9988761,456
2018-05-09,90223.5668359,1026,7154446336.0,0.385144,54383500.0,3.4849207,414
2018-05-10,136255.454933,872,7016459264.0,0.377714,39548400.0,3.5137004,404
2018-05-11,182369.040386,751,6565357568.0,0.353429,80168200.0,3.7921831,258
2018-05-12,49387.8060041,392,5835958784.0,0.314162,93267504.0,3.7681998,232
2018-05-13,330891.621343,494,6684007424.0,0.359814,73407904.0,3.771911,312
2018-05-14,126058.695278,711,6990348288.0,0.376304,58938400.0,3.8452938,309
2018-05-15,277929.629468,1464,6867680768.0,0.369699,39801700.0,4.7404653,883
2018-05-16,47971.458524,836,6442397696.0,0.346798,43623300.0,4.618488,367
2018-05-17,163865.19101,1047,6231254016.0,0.335431,31796700.0,4.8905907,527
2018-05-18,239330.942438,671,5819581952.0,0.313269,31108600.0,3.6772904,332
2018-05-19,36643.9667247,460,5937948672.0,0.319639,23504200.0,3.7823968,290
2018-05-20,34135.7283451,447,5902848000.0,0.317749,30586700.0,3.6096302,246
2018-05-21,73881.8980359,1890,6185438208.0,0.33296,27528600.0,3.9699249,1449
2018-05-22,55853.1825529,3014,5918916608.0,0.318612,31944800.0,4.2744931,2475
2018-05-23,78890.7399216,3195,5584094720.0,0.300583,39564300.0,3.9171692,2721
2018-05-24,57615.6455558,2537,5197136896.0,0.279751,45262500.0,5.4690977,2108
2018-05-25,42045.7727827,1776,5443048960.0,0.292986,45218800.0,6.7594442,1372
2018-05-26,21461.0547377,885,5361604096.0,0.288601,40772900.0,6.6990123,661
2018-05-27,44011.7282202,2874,5279759872.0,0.284194,45604600.0,7.1600492,2758
2018-05-28,52357.8247737,3287,5133650432.0,0.276329,48667900.0,7.1607445,2918
2018-05-29,58726.4532716,3481,4717982208.0,0.253952,62185300.0,7.8519589,3039
2018-05-30,174490.790372,3609,5274342912.0,0.283893,59599500.0,7.8303052,2002
2018-05-31,251162.854187,3421,5173719552.0,0.278473,78378600.0,7.3590896,2177
2018-06-01,3532047.60376,39430,5509345792.0,0.296535,62207300.0,6.9497473,24953
2018-06-02,79815.1004374,6349,5405838336.0,0.290961,58244800.0,7.2485236,2458
2018-06-03,46802.7936374,5809,5547455488.0,0.298581,64563800.0,12.0313184,1886
2018-06-04,232959.45336,6552,5659987968.0,0.304636,56371200.0,6.656737,864
2018-06-05,172286.077909,5688,5427786752.0,0.292134,48728900.0,13.8444054,823
2018-06-06,231278.304183,4832,5450076672.0,0.293325,51165000.0,12.9523977,659
2018-06-07,30060556.6062,2916,5535090688.0,0.297974,49336800.0,16.6538663,550
2018-06-08,153257.225687,4432,5465057280.0,0.293776,47014400.0,13.6876003,899
2018-06-09,90129.0128442,2628,5340420608.0,0.287071,44872900.0,9.204885,934
2018-06-10,45650.1240352,5266,5260363264.0,0.282765,54768500.0,10.4231776,3722
2018-06-11,2098622.79286,3076,4596962816.0,0.247103,47904600.0,10.0390292,994
2018-06-12,92079.5554718,2921,4749254144.0,0.255286,47126900.0,11.3240728,909
2018-06-13,102117.504107,2941,4321704960.0,0.232297,48479300.0,10.104652,678
2018-06-14,88371.613342,3220,4128142336.0,0.22189,53521800.0,9.8809856,641
2018-06-15,117557.353363,5066,4496692736.0,0.241695,37531000.0,11.3456644,572
2018-06-16,70091.1647824,1665,4326187520.0,0.232527,34627700.0,11.4270035,626
2018-06-17,29811.9882472,1388,4337746944.0,0.233146,31223300.0,9.8373224,649
2018-06-18,58094.5757479,2120,4307451904.0,0.231517,36372000.0,9.5999648,655
2018-06-19,80281.6591558,2840,4345316352.0,0.233515,34048000.0,9.2447536,948
2018-06-20,84028.5148491,3013,4398738944.0,0.236379,43000600.0,8.2891777,1292
2018-06-21,105131.688424,4603,4325445120.0,0.232437,38175500.0,10.082836,2015
2018-06-22,130549.005316,1867,4270713088.0,0.227657,41435400.0,10.1990545,1004
2018-06-23,111474.966366,1028,3820756224.0,0.20367,33872100.0,9.6564985,639
2018-06-24,27404.9002773,768,3811720192.0,0.203188,43348500.0,9.1790526,588
2018-06-25,223769.033899,1066,3632841472.0,0.193652,38729400.0,9.1634146,733
2018-06-26,48974.6035164,945,3686074112.0,0.196489,31190300.0,10.1723511,680
2018-06-27,113164.536124,925,3461683456.0,0.184523,34514300.0,9.8047648,672
2018-06-28,39966.1532391,1819,3540995584.0,0.18875,32294900.0,9.977647,1148
2018-06-29,47045.4297676,3304,3363897856.0,0.179309,39542800.0,10.2360524,2824
2018-06-30,14352.3668506,1253,3506607360.0,0.186915,47083800.0,9.8779856,1115
2018-07-01,9743.15565158,678,3617950464.0,0.19285,41380400.0,10.0485745,625
2018-07-02,21446.1049902,768,3755764736.0,0.200196,49362900.0,10.9728262,747
2018-07-03,16499.6035112,725,3971070464.0,0.211672,49012200.0,11.2764151,713
2018-07-04,44471.5974619,593,3860536832.0,0.205776,33301500.0,8.8593306,527
2018-07-05,18899.6551439,512,3943779328.0,0.210213,37009800.0,8.6060048,490
2018-07-06,63476.2395314,772,3808481792.0,0.203001,37627900.0,9.014131,664
2018-07-07,6587.89374168,418,3867635456.0,0.206104,36238600.0,10.2081163,396
2018-07-08,25389.3356504,556,3921098240.0,0.208953,40958600.0,10.0675651,513
2018-07-09,59186.3881889,672,3952699392.0,0.210637,38649000.0,10.097597,656
2018-07-10,40984.7350466,1079,3876864000.0,0.206595,36923400.0,11.4700221,992
2018-07-11,56581.1921494,804,3599776256.0,0.191825,33530700.0,10.5760074,786
2018-07-12,24444.5740025,782,3571131648.0,0.190298,35633800.0,10.8327406,746
2018-07-13,58641.5373298,824,3490224384.0,0.185986,49954700.0,10.9544621,596
2018-07-14,11539.0663371,304,3824326656.0,0.203789,43684700.0,10.9262417,273
2018-07-15,36053.3578349,396,3903932672.0,0.208031,51388000.0,9.9045942,487
2018-07-16,42453.4582647,675,4118748160.0,0.219478,51377800.0,10.0247593,606
2018-07-17,29504.0915941,946,4466420736.0,0.238004,60804000.0,11.439323,912
2018-07-18,276476.745737,1343,4752605184.0,0.253249,238660000.0,9.8470265,1176
2018-07-19,55520.4022871,908,5570264576.0,0.296818,190768000.0,7.1828851,819
2018-07-20,105561.512886,876,5675430912.0,0.302421,132780000.0,6.9129279,830
2018-07-21,13185.2094961,553,5074149376.0,0.27038,103169000.0,6.4137102,395
2018-07-22,54206.1169306,891,5456221696.0,0.290739,98754600.0,6.285636,405
2018-07-23,68444.4463966,762,5313219072.0,0.283119,91948800.0,6.4498708,721
2018-07-24,468750.237387,736,5347122688.0,0.284922,107505000.0,7.4396833,643
2018-07-25,926461.445808,945,5580193792.0,0.297336,180428000.0,6.7745994,640
2018-07-26,2309016.377,1263,6236434432.0,0.332303,173806000.0,6.5811087,806
2018-07-27,91480.6615806,1060,5785659904.0,0.308283,109249000.0,6.8746872,1006
2018-07-28,345504.979061,928,5964064768.0,0.317788,72393904.0,7.3090197,862
2018-07-29,66917.6739479,1677,5938034176.0,0.316401,69073696.0,7.1488483,1639
2018-07-30,806496.992873,1803,5792474107.0,0.308645,87990000.0,7.1676326,1712
2018-07-31,350266.96103,1107,5545993802.0,0.295472,90072600.0,8.1584737,49420
2018-08-01,135672.891844,635,5220519698.0,0.278127,78075400.0,9.7459579,522
2018-08-02,137348.077935,565,5197495900.0,0.276901,64773900.0,6.6594143,478
2018-08-03,404151.798536,727,4913366300.0,0.261763,78914000.0,7.5030966,480
2018-08-04,46609.8196496,576,4838248258.0,0.257761,62650500.0,7.1099445,539
2018-08-05,151950.378697,923,4525606756.0,0.241105,50833600.0,7.2518516,350
2018-08-06,81372.4360664,3176,4599032137.0,0.245017,52688700.0,7.5797092,874
2018-08-07,340779.267457,5183,4394096977.0,0.234099,64467600.0,9.3773055,197444
2018-08-08,86133.4097019,2156,4317409969.0,0.230009,68469800.0,10.7616232,1006
2018-08-09,2079312.67412,790,3785301227.0,0.201653,75813300.0,8.3399804,765
2018-08-10,985451.400591,840,4150076498.0,0.221085,110186000.0,8.1127453,708
2018-08-11,221850.294697,652,4222515065.0,0.224944,87523800.0,8.4332563,599
2018-08-12,105582.999378,660,4096380342.0,0.218225,69114300.0,7.9178302,610
2018-08-13,443633.939123,778,4193532388.0,0.2234,100249000.0,9.1852727,700
2018-08-14,631274.118603,917,4179120650.0,0.222632,95074200.0,9.3144535,13642
2018-08-15,166556.139552,827,4097597470.0,0.218285,98247500.0,12.3296411,770
2018-08-16,34302.7194148,523,4052530451.0,0.215885,66979600.0,9.0660481,455
2018-08-17,298542.224348,635,4046343984.0,0.215555,85576200.0,8.1604372,468
2018-08-18,206222.671952,559,4488784053.0,0.239124,73536300.0,8.28828,400
2018-08-19,71490.2834919,441,4197832830.0,0.223625,58941500.0,8.5002385,352
2018-08-20,177299.498262,1008,4317870358.0,0.23002,56916000.0,8.5348954,426
2018-08-21,208808.733633,1844,4090109999.0,0.217877,57619800.0,10.1774076,13409
2018-08-22,140113.017456,1428,4115478112.0,0.219224,57593700.0,13.3747736,1301
2018-08-23,295641.437268,1191,4010685263.0,0.213642,50407300.0,15.1364834,1081
2018-08-24,880334.062804,1175,4033760104.0,0.214871,46565700.0,13.7491777,772
2018-08-25,157436.414175,791,4155312916.0,0.221346,37623300.0,8.2646854,581
2018-08-26,53886.5922289,608,4202536839.0,0.223861,41019000.0,7.6664269,538
2018-08-27,63362.4718129,549,4015877727.0,0.213918,50597200.0,8.510469,468
2018-08-28,141026.2435,1625,4222116544.0,0.224904,66510100.0,9.759283,14708
2018-08-29,65465.0098941,1861,4397543508.0,0.234244,59888100.0,16.7900044,1294
2018-08-30,116465.126263,1183,4258879501.0,0.226858,52981700.0,8.3030131,1080
2018-08-31,51118.1162515,705,4164002220.0,0.221804,49383600.0,6.9195861,603
2018-09-01,278997.149369,488,4173490044.0,0.222309,57559200.0,6.6314673,405
2018-09-02,86024.4380691,473,4312480244.0,0.229713,44368300.0,6.8449585,375
2018-09-03,73729.6618477,805,4217853377.0,0.224672,47867700.0,7.3424557,676
2018-09-04,318898.612471,776,4163945832.0,0.221801,52972600.0,7.7061473,15277
2018-09-05,87971.617355,574,4354620542.0,0.231953,69435700.0,15.2817027,405
2018-09-06,44191.2144097,917,3865667709.0,0.205908,71466100.0,10.2444323,534
2018-09-07,75255.4296316,2699,3885147360.0,0.206841,60828100.0,10.4271675,2547
2018-09-08,214873.030979,492,3906811887.0,0.207994,52306100.0,9.1685206,309
2018-09-09,149747.341849,526,3649423965.0,0.194291,54678800.0,9.1267545,306
2018-09-10,78691.9397506,476,3589831938.0,0.191119,51759700.0,9.324802,394
2018-09-11,217973.943616,1142,3596627832.0,0.19148,77490400.0,9.4807567,15911
2018-09-12,171547.795029,734,3779566996.0,0.201214,81499500.0,20.5921543,591
2018-09-13,190595.756577,547,3717594934.0,0.197915,68042900.0,20.1222683,457
2018-09-14,64307.7161301,944,3887897135.0,0.206978,49018400.0,11.5300919,394
2018-09-15,21745.9085058,1231,3779558874.0,0.201211,37685700.0,11.1998905,321
2018-09-16,13906.9220055,1664,3814773200.0,0.203086,41913100.0,10.498044,281
2018-09-17,19946.0852155,705,3871542055.0,0.206108,42653700.0,10.4140024,366
2018-09-18,203152.770576,668,3690980981.0,0.196495,55982400.0,11.0182399,15432
2018-09-19,136552.362237,527,3898036033.0,0.207512,48741100.0,23.5611319,385
2018-09-20,425460.948335,576,3880460135.0,0.206568,89258100.0,13.629929,451
2018-09-21,418524.032613,1069,4377795045.0,0.233042,182926000.0,13.1657044,707
2018-09-22,234443.026067,1194,4659990709.0,0.248064,76614200.0,11.9763753,465
2018-09-23,1324761.58203,1546,4497843172.0,0.239433,317587000.0,12.878729,545
2018-09-24,475283.353418,5369,5257900306.0,0.279833,135616000.0,11.9547642,4377
2018-09-25,636867.333408,1657,4855095332.0,0.258395,118361000.0,12.1287625,18688
2018-09-26,250296.479647,1515,4709121402.0,0.250619,89889500.0,23.7293516,468
2018-09-27,1004488.28692,1566,4584459314.0,0.243985,99370800.0,9.4694577,520
2018-09-28,1755781.52333,2632,4885324977.0,0.259997,63003000.0,10.5967788,654
2018-09-29,173562.837598,2644,4743584718.0,0.252453,54822100.0,10.0701884,486
2018-09-30,197559.251664,4109,4781069068.0,0.254448,64864600.0,9.7683765,532
2018-10-01,286200.150272,2108,4868127946.0,0.259081,67813900.0,8.4349075,501
2018-10-02,212533.41201,1764,4852643880.0,0.258257,50886900.0,8.8318946,19046
